Compound,Date,Negative,Neutral,News Organization,Positive,Tweet Text,Tweets Ago
0.0,2018-06-10 00:29:59+00:00,0.0,1.0,BBCWorld,0.0,Donating money to homeless people using your phone https://t.co/IVR4az9VH7,1
0.0,2018-06-10 00:29:59+00:00,0.0,1.0,BBCWorld,0.0,The Belgian students revising with monks at a monastery https://t.co/DgQqx4kblg,2
-0.3182,2018-06-10 00:25:18+00:00,0.187,0.813,BBCWorld,0.0,The other Balochistan: Six stories of life in a conflict zone https://t.co/z1VypEcqAD,3
-0.4404,2018-06-10 00:16:02+00:00,0.367,0.633,BBCWorld,0.0,Long watch: Russia's dirty secret https://t.co/NvTiqgmgCv,4
0.0,2018-06-09 22:40:30+00:00,0.0,1.0,BBCWorld,0.0,G7 summit: $3bn pledge for girls' education https://t.co/lzB0N8d2dG,5
0.3309,2018-06-09 22:10:00+00:00,0.0,0.728,BBCWorld,0.272,G7 commits to 'rules-based trading system' despite tensions with US https://t.co/lF9GGvnUlW,6
-0.5106,2018-06-09 19:39:30+00:00,0.32,0.68,BBCWorld,0.0,UN condemns Central African Republic hospital raids https://t.co/93Wa37cReV,7
0.5423,2018-06-09 19:14:02+00:00,0.0,0.741,BBCWorld,0.259,Trump: Kim has one shot at peace at Singapore summit https://t.co/BA8DNNKFPu,8
-0.6486,2018-06-09 17:20:32+00:00,0.431,0.569,BBCWorld,0.0,Disruptive passenger on Jet2 flight banned for life https://t.co/Y0tzheYt6b,9
0.0258,2018-06-09 16:16:27+00:00,0.111,0.773,BBCWorld,0.116,Inside Afghanistan's only secure psychiatric unit.  The BBC investigates the lasting effects of conflict in the cou‚Ä¶ https://t.co/pUmnntT4C7,10
0.3612,2018-06-09 15:54:18+00:00,0.0,0.857,BBCWorld,0.143,"Russian workers being taught how to smile more ahead of the World Cup 
‚ò∫Ô∏è‚ò∫Ô∏è
https://t.co/WBNlLAf9Nt https://t.co/uyLxrpKct6",11
-0.8225,2018-06-09 15:18:41+00:00,0.458,0.542,BBCWorld,0.0,Iraq arrests asylum seeker wanted in Germany for Wiesbaden murder https://t.co/mRHxslzEMD,12
0.0,2018-06-09 15:18:41+00:00,0.0,1.0,BBCWorld,0.0,French Open 2018: Simona Halep beats Sloane Stephens in final https://t.co/HdiRgt3kuq,13
0.5719,2018-06-09 15:11:50+00:00,0.0,0.821,BBCWorld,0.179,"RT @BBCNews: Trooping the Colour: Four things about the event that celebrates the Queen's official birthday
üëë
https://t.co/YHGc0NYNxv https‚Ä¶",14
0.5423,2018-06-09 14:45:18+00:00,0.0,0.851,BBCWorld,0.149,"US President @realDonaldTrump says he is ""on a mission of peace"" when he travels to Singapore to meet Kim Jong-un f‚Ä¶ https://t.co/LyCpbbjImh",15
0.5859,2018-06-09 14:30:38+00:00,0.0,0.78,BBCWorld,0.22,"""The United States has been taken advantage of for decades.. and we can't do that anymore""- US President‚Ä¶ https://t.co/iiAxrXtx8U",16
0.0,2018-06-09 13:57:56+00:00,0.0,1.0,BBCWorld,0.0,"The first Bond girl, Eunice Grayson, dies at 90 https://t.co/iaWJA0aKui",17
-0.802,2018-06-09 13:39:33+00:00,0.419,0.581,BBCWorld,0.0,"RT @BBCAfrica: MacBeth Sibaya: Racism in South Africa worse than Russia 

https://t.co/pfCrGOBoIS",18
0.0,2018-06-09 13:39:17+00:00,0.0,1.0,BBCWorld,0.0,Vatican ex-diplomat on trial for 'child pornography' https://t.co/FQKuqa2yHw,19
-0.0516,2018-06-09 13:22:11+00:00,0.107,0.794,BBCWorld,0.099,"Two men who look like Donald Trump and Kim Jong-un went for a walk in Singapore 
But are they fooling anyone? ü§î‚Ä¶ https://t.co/zVip7wCxvn",20
0.0,2018-06-09 12:19:26+00:00,0.0,1.0,BBCWorld,0.0,RT @BBCNews: The Royal family watch the RAF flypast from Buckingham Palace. 23 aircraft are taking part to mark the Queen's official birthd‚Ä¶,21
-0.7184,2018-06-09 12:19:22+00:00,0.231,0.769,BBCWorld,0.0,"RT @BBCNews: A 41 gun salute is fired to mark the Queen's official birthday at the Trooping the Colour ceremony in London 
#TroopingtheColo‚Ä¶",22
0.5859,2018-06-09 11:32:15+00:00,0.0,0.593,BBCWorld,0.407,Climate change: Pope urges action on clean energy https://t.co/ANRAS2l9Bv,23
0.0,2018-06-09 11:20:53+00:00,0.0,1.0,BBCWorld,0.0,John Lasseter: Disney animation head to quit after misconduct claims https://t.co/VbE84nBTtd,24
0.1027,2018-06-09 11:20:53+00:00,0.167,0.641,BBCWorld,0.192,French Open 2018: Simona Halep aims for maiden Grand Slam title https://t.co/ygHKq9Q1mH,25
0.0,2018-06-09 10:57:49+00:00,0.0,1.0,BBCWorld,0.0,RT @BBCNews: The Trooping the Colour parade which marks the Queen's official birthday is underway in London. The Queen and Duke and Duchess‚Ä¶,26
0.0,2018-06-09 10:57:48+00:00,0.0,1.0,BBCWorld,0.0,Trump and Macron in handshake showdown at G7 summit https://t.co/ZlG6Um7Px8,27
0.3612,2018-06-09 10:44:05+00:00,0.0,0.8,BBCWorld,0.2,Bride of Belsen Holocaust survivor Gena Turgel dies aged 95 https://t.co/XAZF4wgBUs,28
0.0,2018-06-09 09:10:36+00:00,0.0,1.0,BBCWorld,0.0,"Form is temporary, class is permanent. Which counts more at the World Cup? 
‚öΩüèÉ‚Äç‚ôÇÔ∏è @BBCRealityCheck has crunched the‚Ä¶ https://t.co/XCRql73q54",29
0.0,2018-06-09 09:09:05+00:00,0.0,1.0,BBCWorld,0.0,Game of Thrones: HBO orders spinoff prequel pilot https://t.co/S4ucN26bky,30
0.0,2018-06-09 07:07:31+00:00,0.0,1.0,BBCWorld,0.0,G7 summit dogged by divisions between Trump and allies https://t.co/MHXoMA7KVo,31
0.3612,2018-06-09 06:07:41+00:00,0.0,0.737,BBCWorld,0.263,Taliban agree three-day Eid ceasefire in Afghanistan https://t.co/WaVmsIdso0,32
0.3182,2018-06-09 03:52:37+00:00,0.145,0.611,BBCWorld,0.244,Anthony Bourdain: Chef breaks into tears remembering his friend https://t.co/VMvl8KSq3W,33
0.0,2018-06-09 03:34:58+00:00,0.246,0.508,BBCWorld,0.246,Jobless young Italians abandon charms of south https://t.co/FcqWWWTKu2,34
-0.1027,2018-06-09 03:14:00+00:00,0.123,0.877,BBCWorld,0.0,India women pay tribute to Bollywood star Sridevi through cosplay https://t.co/rQjWBWWd3p,35
-0.6369,2018-06-09 03:09:29+00:00,0.318,0.682,BBCWorld,0.0,Tayyaba abuse case shines light on Pakistan's child maids https://t.co/sXsjI8bXcA,36
0.0,2018-06-09 01:59:35+00:00,0.0,1.0,BBCWorld,0.0,Maria Esther Bueno: Brazilian star of 1960s women's tennis dies https://t.co/hlcUIRhgcV,37
0.0,2018-06-09 01:34:07+00:00,0.0,1.0,BBCWorld,0.0,Trump Kim summit: Who's pulling the strings? https://t.co/GROmz0qgIX,38
0.0,2018-06-09 01:26:51+00:00,0.0,1.0,BBCWorld,0.0,Week in pictures: 2 - 8 June 2018 https://t.co/04QX8UWGZr,39
0.0,2018-06-09 00:33:12+00:00,0.0,1.0,BBCWorld,0.0,Anthony Bourdain: Why his travel shows had global appeal https://t.co/lrP0LJKC7n,40
-0.4939,2018-06-08 23:10:00+00:00,0.262,0.738,BBCWorld,0.0,China hackers steal data from US Navy contractor - reports https://t.co/A0UxMnLFFj,41
0.3612,2018-06-08 23:10:00+00:00,0.0,0.783,BBCWorld,0.217,Why Russian workers are being taught how to smile https://t.co/K2vn2PyLt3,42
0.4277,2018-06-08 23:10:00+00:00,0.0,0.712,BBCWorld,0.288,'They keep me here so I can't attack' https://t.co/uqG5k3pvIF,43
-0.3612,2018-06-08 23:10:00+00:00,0.2,0.8,BBCWorld,0.0,Barbed wire and smuggled crabs: Watching North Korea from China https://t.co/Vjgk1HoL9H,44
-0.6705,2018-06-08 22:27:18+00:00,0.36,0.64,BBCWorld,0.0,Why US suicide rate is on the rise https://t.co/6jqRzwhm8Q,45
0.0,2018-06-08 21:49:36+00:00,0.0,1.0,BBCWorld,0.0,US election 2018: The women lining up to topple Trump https://t.co/LOGxNymdY4,46
0.0,2018-06-08 21:49:36+00:00,0.0,1.0,BBCWorld,0.0,'Kim and Trump' buddy up in Singapore https://t.co/G0i7WJ60Kp,47
0.0,2018-06-08 20:26:04+00:00,0.0,1.0,BBCWorld,0.0,Cuba 'sonic attack': US tests two more Havana embassy staff https://t.co/rUEbx6eGMs,48
-0.6705,2018-06-08 20:02:34+00:00,0.429,0.571,BBCWorld,0.0,US soldier killed in Somalia firefight https://t.co/rEudHbzFIX,49
0.0258,2018-06-08 19:57:33+00:00,0.0,0.845,BBCWorld,0.155,Why Turkey‚Äôs election matters to you https://t.co/ZvjTjYB9NB,50
-0.2732,2018-06-08 19:50:10+00:00,0.231,0.769,BBCWorld,0.0,Mueller charges Manafort's right-hand man Konstantin Kilimnik https://t.co/q8UkWe7lxS,51
0.0,2018-06-08 18:36:08+00:00,0.0,1.0,BBCWorld,0.0,"RT @BBCBreaking: World leaders assemble for 'family photo' at G7 summit in Canada 

https://t.co/9TJ4sS5Kev https://t.co/ZWUrmO3cV5",52
0.0,2018-06-08 18:19:47+00:00,0.0,1.0,BBCWorld,0.0,Anthony Bourdain: Five of his tips for eating out https://t.co/LtHrUA3UZf,53
0.4939,2018-06-08 18:17:32+00:00,0.0,0.738,BBCWorld,0.262,Could an emoji save your life in an earthquake? https://t.co/XYrmKybk1h,54
0.2263,2018-06-08 17:50:19+00:00,0.0,0.826,BBCWorld,0.174,US 'grants extradition' of former Panama President Ricardo Martinelli https://t.co/UAW2FYapUv,55
0.0,2018-06-08 16:19:04+00:00,0.0,1.0,BBCWorld,0.0,"RT @BBCSport: Incredible.

Rafael Nadal is in the French Open final AGAIN.

LIVEüëâhttps://t.co/9uGaa6ApEd
üìª @5livesport extra
#bbctennis #RG‚Ä¶",56
0.0,2018-06-08 16:18:56+00:00,0.0,1.0,BBCWorld,0.0,Pilot dies after plane crash-lands in Melbourne https://t.co/EMeKHmKRYj,57
0.0,2018-06-08 16:18:55+00:00,0.0,1.0,BBCWorld,0.0,Photojournalist Duncan dies aged 102 https://t.co/UiTmSm6hu9,58
0.0,2018-06-08 15:26:20+00:00,0.0,1.0,BBCWorld,0.0,Alligator knocks out trapper in Florida https://t.co/tVJz096hfE,59
0.4003,2018-06-08 15:11:34+00:00,0.0,0.828,BBCWorld,0.172,"üë® See you later alligator! 
üêä You're not getting rid of me that easily 

https://t.co/qQ1cgJlABC https://t.co/k42qn8mVcx",60
0.7506,2018-06-08 14:57:55+00:00,0.0,0.484,BBCWorld,0.516,Anthony Bourdain tributes celebrate his #MeToo support https://t.co/NHWLK8aJEa,61
-0.0258,2018-06-08 14:57:55+00:00,0.189,0.629,BBCWorld,0.182,Ghana football head Kwesi Nyantakyi banned by Fifa over 'cash gift' https://t.co/KsfCRCM7gT,62
0.0,2018-06-08 14:46:00+00:00,0.0,1.0,BBCWorld,0.0,Congo warlord's conviction overturned https://t.co/5wXHGlhCwB,63
-0.4767,2018-06-08 14:36:31+00:00,0.181,0.819,BBCWorld,0.0,RT @bbcworldservice: How these children in Uganda are being taught to spot 'fake news'. https://t.co/bFElDeRRfs,64
0.5859,2018-06-08 14:35:20+00:00,0.0,0.678,BBCWorld,0.322,RT @BBCNews: The Queen has successful cataract operation https://t.co/xsbqmA0rT5,65
0.0,2018-06-08 14:26:27+00:00,0.0,1.0,BBCWorld,0.0,Chimamanda Ngozi Adichie: Changing men and opening doors https://t.co/ByW9IlvCmJ,66
-0.3182,2018-06-08 14:26:27+00:00,0.247,0.753,BBCWorld,0.0,The ghost village being reclaimed by nature https://t.co/vQ4NLtHSKq,67
-0.9371,2018-06-08 13:53:16+00:00,0.643,0.357,BBCWorld,0.0,Susanna Feldman murder: Suspect in German teen's killing arrested in Iraq https://t.co/NzRl3TOjBY,68
0.2263,2018-06-08 13:22:41+00:00,0.131,0.654,BBCWorld,0.215,Muhammad Ali: President Trump mulls draft dodging pardon https://t.co/sE4Vgx0o3z,69
0.2023,2018-06-08 12:26:05+00:00,0.0,0.816,BBCWorld,0.184,South African company apologises for sexist beer campaign https://t.co/lio95mz2Vs,70
-0.6486,2018-06-08 12:04:07+00:00,0.158,0.842,BBCWorld,0.0,"RT @BBCBreaking: US celebrity chef and writer Anthony Bourdain found dead in French hotel room at age of 61, his employer CNN says https://‚Ä¶",71
-0.6486,2018-06-08 11:34:10+00:00,0.35,0.65,BBCWorld,0.0,Anthony Bourdain: Celebrity chef found dead at 61 https://t.co/CSe1SfLbyh,72
0.7407,2018-06-08 11:18:49+00:00,0.175,0.489,BBCWorld,0.336,"RT @BBC_HaveYourSay: What do you do when a loved one suffers from depression? If you are happy to do so, please share your stories with us.‚Ä¶",73
0.0,2018-06-08 11:16:57+00:00,0.0,1.0,BBCWorld,0.0,"RT @BBCSteveR: President Putin's TV phone-in: ""democracy in action"" or ""the product of an inefficient system""?  My quick take on the marath‚Ä¶",74
0.0,2018-06-08 11:09:25+00:00,0.0,1.0,BBCWorld,0.0,RT @BBCEarth: Sir David Attenborough‚Äôs message for #WorldOceansDay. üåäüíô https://t.co/H7x7bD25hZ,75
-0.4939,2018-06-08 10:40:11+00:00,0.314,0.686,BBCWorld,0.0,Stolen Christopher Columbus letter returned to Spain https://t.co/A9KGNYDvOz,76
0.0258,2018-06-08 10:30:17+00:00,0.0,0.879,BBCWorld,0.121,Fortnite player first to reach elusive game island https://t.co/m5yHE8weV7,77
-0.2263,2018-06-08 10:15:03+00:00,0.213,0.787,BBCWorld,0.0,Airbnb cancels thousands of bookings in Japan https://t.co/DVjm9AfyT1,78
0.0,2018-06-08 10:07:59+00:00,0.0,1.0,BBCWorld,0.0,Chinese house demolition halted because of swallow residents https://t.co/lfRVqFAXOW,79
0.0,2018-06-08 09:53:26+00:00,0.0,1.0,BBCWorld,0.0,Lullaby written for school-shooting drills https://t.co/drHquGiiyy,80
0.0,2018-06-08 09:47:46+00:00,0.0,1.0,BBCWorld,0.0,RT @bbcworldservice: What's happening to Botswana's disappearing birds of prey? https://t.co/r7ap3kXJhl,81
0.0,2018-06-08 09:35:22+00:00,0.0,1.0,BBCWorld,0.0,"""Who could survive this heat?"" 
Eddie Santiago returns to search for his family after the Guatemala volcano üåã‚Ä¶ https://t.co/GuW3Knrc7s",82
-0.4767,2018-06-08 09:32:25+00:00,0.279,0.721,BBCWorld,0.0,Trump-Kim summit: S Korean reporters arrested over N Korea 'trespass' https://t.co/wanY1HqpZg,83
0.0258,2018-06-08 09:12:06+00:00,0.0,0.945,BBCWorld,0.055,"Turkey is holding early elections so why does it matter? üáπü§î
Here's the BBC's Turkey correspondent @marklowen on wha‚Ä¶ https://t.co/s8deGwPfGA",84
-0.4404,2018-06-08 09:07:25+00:00,0.244,0.756,BBCWorld,0.0,Austria to shut seven 'political' mosques and expel imams https://t.co/40EAL3221A,85
0.0,2018-06-08 08:57:48+00:00,0.0,1.0,BBCWorld,0.0,Making food crops that feed themselves https://t.co/L4gtmnZYwq,86
0.3612,2018-06-08 07:26:35+00:00,0.0,0.839,BBCWorld,0.161,"RT @BBC_HaveYourSay: ""My name is Michael Patterson, sir. Thank you for delivering me."" 

https://t.co/4ktgD2zmIx",87
-0.5994,2018-06-08 07:04:28+00:00,0.281,0.719,BBCWorld,0.0,Tariffs and Trump: War of words ahead of G7 summit https://t.co/biWNYzibei,88
-0.4019,2018-06-08 07:04:00+00:00,0.129,0.815,BBCWorld,0.056,"RT @BBCStreeter: France has banned mobile phones in schools, should other countries do the same? On #bbcbizlive ‚Å¶‚Å¶@BBCBusiness‚Å© we want to‚Ä¶",89
0.0,2018-06-08 06:21:39+00:00,0.0,1.0,BBCWorld,0.0,Australia indigenous treaties: Historic steps 'beginning of journey' https://t.co/xCgiEZ6arL,90
-0.3818,2018-06-08 03:11:30+00:00,0.206,0.794,BBCWorld,0.0,Big fight to bring arm wrestling to South Africa's townships https://t.co/Fj7KlFhCN2,91
0.5423,2018-06-08 03:11:30+00:00,0.0,0.696,BBCWorld,0.304,Trump-Kim summit: Can you achieve peace on a plate? https://t.co/N7eeTPsyH3,92
0.0964,2018-06-08 03:08:52+00:00,0.102,0.783,BBCWorld,0.115,RT @BBCMaryam: French school kids are to be banned from using mobile phones on school grounds in France from Sept. Is this a good thing ? O‚Ä¶,93
0.0,2018-06-08 02:31:17+00:00,0.0,1.0,BBCWorld,0.0,Doug Ford: Ex-Toronto mayor's brother set to be Ontario premier https://t.co/Te5Kj7pBl4,94
0.2023,2018-06-08 02:10:24+00:00,0.0,0.833,BBCWorld,0.167,IMF agrees to loan up to $50bn for Argentina https://t.co/mE818MXK46,95
0.0,2018-06-08 01:36:11+00:00,0.0,1.0,BBCWorld,0.0,Canada moves a step closer to legalising marijuana https://t.co/g31HAMjAqT,96
0.0,2018-06-08 01:18:43+00:00,0.0,1.0,BBCWorld,0.0,"US to send 1,600 immigration detainees to federal prisons https://t.co/JisMU9COyf",97
0.3182,2018-06-08 00:33:47+00:00,0.0,0.897,BBCWorld,0.103,US President Donald Trump said he would consider inviting North Korea's Kim Jong-un to the White House if their sum‚Ä¶ https://t.co/Qux6rLCASx,98
-0.1531,2018-06-07 23:56:30+00:00,0.182,0.682,BBCWorld,0.136,UN sanctions top people smugglers in Libya in global first https://t.co/GLAS7ok1EY,99
0.3182,2018-06-07 23:46:56+00:00,0.0,0.796,BBCWorld,0.204,Mexico candidate L√≥pez Obrador thrives on promise of change https://t.co/629EgGPCut,100
0.0,2018-06-10 00:48:09+00:00,0.0,1.0,CBSNews,0.0,"Trump departs for summit in Singapore, skipping G-7 environmental sessions https://t.co/FC1u9Ny5sK https://t.co/Veh2W3MFbE",1
0.4019,2018-06-10 00:39:53+00:00,0.0,0.881,CBSNews,0.119,The Afghan Taliban announced a 3-day cease-fire for the Eid al-Fitr holiday at the end of the holy month of Ramadan‚Ä¶ https://t.co/NLq7Qc8XhW,2
0.0,2018-06-10 00:33:05+00:00,0.0,1.0,CBSNews,0.0,CBS correspondent David Begnaud reflects on Hurricane Maria coverage https://t.co/UebvutaUAL https://t.co/4td0QEKE22,3
-0.5106,2018-06-10 00:19:48+00:00,0.19,0.717,CBSNews,0.093,"""It is a myth that asking about suicide will cause someone to commit suicide"": Experts offer insight on interventio‚Ä¶ https://t.co/C39yHeTW7Q",4
0.0,2018-06-10 00:18:06+00:00,0.0,1.0,CBSNews,0.0,"Salmonella outbreak linked to pre-cut melon, CDC says https://t.co/GMtu4dU8Dr https://t.co/johqZotKxx",5
0.1531,2018-06-10 00:04:30+00:00,0.089,0.789,CBSNews,0.121,"President Trump retracted his endorsement of the G7 final statement, accusing Canadian Prime Minister Justin Trudea‚Ä¶ https://t.co/FRTU8K4Rnn",6
0.3182,2018-06-10 00:03:05+00:00,0.0,0.796,CBSNews,0.204,Trump retracts his endorsement of G7 final statement https://t.co/o1t0LY1dio https://t.co/2ll3I6lfMC,7
0.0,2018-06-09 23:59:33+00:00,0.0,1.0,CBSNews,0.0,"Electric cars are already here. Now, companies are looking to move the technology into another space: airplanes.‚Ä¶ https://t.co/T10sEfg5Tp",8
-0.7351,2018-06-09 23:48:04+00:00,0.383,0.617,CBSNews,0.0,Anthony Bourdain‚Äôs death means loss of a voice for immigrant workers https://t.co/XR9rIRAIp3 https://t.co/7Cq0bRbWgq,9
-0.0772,2018-06-09 23:39:36+00:00,0.056,0.944,CBSNews,0.0,President Trump said it won't take long for him to tell if North Korean leader Kim Jong Un is serious about denucle‚Ä¶ https://t.co/MM1ozFQocY,10
-0.5859,2018-06-09 23:33:05+00:00,0.242,0.758,CBSNews,0.0,Fire department issues warning about kids getting burned by garden hoses left in the sun https://t.co/26BU9veuDz https://t.co/P9MQ6pfCTF,11
-0.1779,2018-06-09 23:18:06+00:00,0.295,0.476,CBSNews,0.229,5 dangerous myths about Social Security https://t.co/GcxBxFGNsc https://t.co/Yw9A0upTPt,12
0.0,2018-06-09 23:03:06+00:00,0.0,1.0,CBSNews,0.0,"Andrew Lloyd Webber, iconic composer, reflects on his career and what makes a show endure https://t.co/yw9LYAJh82 https://t.co/7eOqGB13T0",13
-0.1154,2018-06-09 23:00:28+00:00,0.065,0.935,CBSNews,0.0,"He risked his life, traveling thousands of miles to cross the U.S. border, but his journey is far from over. Stream‚Ä¶ https://t.co/LbX3HrY2W6",14
0.8176,2018-06-09 22:54:26+00:00,0.0,0.681,CBSNews,0.319,"Justify wins the 150th Belmont Stakes, becoming the 13th horse in history to win the Triple Crown‚Ä¶ https://t.co/hSAI2Li00E",15
0.296,2018-06-09 22:39:39+00:00,0.0,0.879,CBSNews,0.121,The family in charge of the Singapore hotel hosting the U.S.-North Korea summit shares Trump-like ambition‚Ä¶ https://t.co/2CrEnrgTDN,16
0.3818,2018-06-09 22:19:39+00:00,0.0,0.894,CBSNews,0.106,"""A lot of people in Congress are focused on what's going to happen tomorrow, not what's going to happen in 2026"": T‚Ä¶ https://t.co/iVUotZcDZB",17
-0.6705,2018-06-09 22:19:39+00:00,0.2,0.8,CBSNews,0.0,California Officials say wildfires last year that killed 15 are attributable to Pacific Gas &amp; Electric Co. equipmen‚Ä¶ https://t.co/a50mKES8Ss,18
-0.4767,2018-06-09 21:59:49+00:00,0.14,0.86,CBSNews,0.0,The Category 4 hurricane brewing off the coast of Mexico and Baja California Sur will make for dangerous swells and‚Ä¶ https://t.co/cWAlq5t2sx,19
0.5719,2018-06-09 21:39:56+00:00,0.0,0.85,CBSNews,0.15,Buildings in the Bay Area lit up blue and gold overnight as fans celebrated the Golden State @Warriors' third NBA c‚Ä¶ https://t.co/ec26P3ueg3,20
-0.5216,2018-06-09 21:19:31+00:00,0.144,0.856,CBSNews,0.0,"Volkswagen's plan to end production of the iconic model won't change the love many owners have for their ""bugs""‚Äî or‚Ä¶ https://t.co/rs7fn7GOJn",21
-0.6369,2018-06-09 20:59:38+00:00,0.189,0.811,CBSNews,0.0,"Toxic abuse has long been a staple of darker social-media realms, message boards and internet comments pages -- but‚Ä¶ https://t.co/78lXrTPDdd",22
0.2755,2018-06-09 20:40:21+00:00,0.0,0.905,CBSNews,0.095,"Prince George may be Britain's future king, but his cousin Savannah Phillips isn't shy about telling him to quiet d‚Ä¶ https://t.co/RWpQeA8K3b",23
-0.3182,2018-06-09 20:19:24+00:00,0.108,0.892,CBSNews,0.0,As this year's Puerto Rican Day Parade draws attention to the island's continued struggle in the wake of Hurricane‚Ä¶ https://t.co/HulKjfBHpo,24
-0.4939,2018-06-09 20:02:01+00:00,0.158,0.842,CBSNews,0.0,A salmonella outbreak spanning eight states that infected 60 and hospitalized 31 has been connected to pre-cut melo‚Ä¶ https://t.co/4YO6g3W7vD,25
0.6369,2018-06-09 19:42:37+00:00,0.0,0.856,CBSNews,0.144,"RT @CBSSunday: TOMORROW 

Jim Parsons, best known for his work in front of the camera on @bigbangtheory &amp; on the stage in the revival of @B‚Ä¶",26
-0.5106,2018-06-09 19:39:57+00:00,0.19,0.717,CBSNews,0.093,"""It is a myth that asking about suicide will cause someone to commit suicide"": Experts offer insight on interventio‚Ä¶ https://t.co/cQwktOodtT",27
-0.3182,2018-06-09 19:19:51+00:00,0.155,0.845,CBSNews,0.0,"President Trump cut his G-7 attendance short to leave for the summit in Singapore, leaving other leaders to discuss‚Ä¶ https://t.co/drnDIHeJK9",28
-0.4019,2018-06-09 19:00:22+00:00,0.212,0.671,CBSNews,0.117,"Shahab fled Iran after he was beaten and jailed for converting to Christianity. Now in the U.S., he‚Äôs free from all‚Ä¶ https://t.co/0fctuXaeRS",29
0.1779,2018-06-09 18:40:11+00:00,0.075,0.809,CBSNews,0.116,Russian President Vladimir Putin was caught delicately crafting dumplings Friday during his visit to China https://t.co/beLeCP6unJ,30
0.0,2018-06-09 18:21:23+00:00,0.0,1.0,CBSNews,0.0,Doctors told her parents she likely wouldn't live long‚Äî then that she would never walk. This 19-year-old with cereb‚Ä¶ https://t.co/SKziTGHEFj,31
0.765,2018-06-09 18:14:56+00:00,0.0,0.761,CBSNews,0.239,The 2018 Belmont Stakes is set to take place this evening -- and one horse is hoping to win the Triple Crown‚Ä¶ https://t.co/lQDgMcPIPd,32
0.0,2018-06-09 17:50:04+00:00,0.0,1.0,CBSNews,0.0,"Ahead of the highly-anticipated summit with North Korea, @CBSEveningNews anchor @JeffGlor is in Singapore:‚Ä¶ https://t.co/MnZjShPdgw",33
0.0,2018-06-09 17:29:57+00:00,0.0,1.0,CBSNews,0.0,"Electric cars are already here. Now, companies are looking to move the technology into another space: airplanes.‚Ä¶ https://t.co/JhtJSzubZs",34
0.0,2018-06-09 17:16:39+00:00,0.0,1.0,CBSNews,0.0,RT @CBSThisMorning: .@TheTonyAwards are on @CBS tomorrow night! Here‚Äôs a look at some of the preparations ahead of Broadway‚Äôs biggest night‚Ä¶,35
-0.0772,2018-06-09 17:10:21+00:00,0.056,0.944,CBSNews,0.0,President Trump said it won't take long for him to tell if North Korean leader Kim Jong Un is serious about denucle‚Ä¶ https://t.co/sKVAqhatkJ,36
0.296,2018-06-09 16:50:01+00:00,0.0,0.879,CBSNews,0.121,The family in charge of the Singapore hotel hosting the U.S.-North Korea summit shares Trump-like ambition‚Ä¶ https://t.co/sDTZlDpuBg,37
0.2732,2018-06-09 16:29:33+00:00,0.135,0.674,CBSNews,0.192,"Top-ranked Simona Halep wins the #FrenchOpen by defeating Sloane Stephens 3-6, 6-4, 6-1 https://t.co/en40gwzJJT https://t.co/SHLFffYyEO",38
-0.1154,2018-06-09 16:10:30+00:00,0.065,0.935,CBSNews,0.0,"He risked his life, traveling thousands of miles to cross the U.S. border, but his journey is far from over. Stream‚Ä¶ https://t.co/1CyQsRrk9D",39
0.4019,2018-06-09 15:49:30+00:00,0.0,0.881,CBSNews,0.119,The Afghan Taliban announced a 3-day cease-fire for the Eid al-Fitr holiday at the end of the holy month of Ramadan‚Ä¶ https://t.co/CrcHIAuFe1,40
0.0,2018-06-09 15:41:55+00:00,0.0,1.0,CBSNews,0.0,"President Trump says he will ""know in the first minute"" whether North Korean leader Kim Jong Un is ""serious"" about‚Ä¶ https://t.co/47Aqo1HEga",41
0.5719,2018-06-09 15:29:42+00:00,0.0,0.837,CBSNews,0.163,Prince Harry and Meghan Markle joined the pageantry of the annual Trooping the Color ceremony to celebrate Queen El‚Ä¶ https://t.co/0YsALCVVNH,42
0.0,2018-06-09 15:10:07+00:00,0.0,1.0,CBSNews,0.0,WATCH: Take a look at how the coastline of Hawaii's Big Island has changed since the Kilauea volcano began erupting‚Ä¶ https://t.co/MhZSAxyHnr,43
-0.7096,2018-06-09 14:49:49+00:00,0.289,0.608,CBSNews,0.103,4 U.S. service members who were wounded in an extremist attack in Somalia that killed one special operations soldie‚Ä¶ https://t.co/bcEyYzRuJl,44
-0.0772,2018-06-09 14:39:43+00:00,0.056,0.944,CBSNews,0.0,"Reporter: How long do you¬†think it will take you to¬†figure out whether Kim Jong Un is¬†serious?

President Trump: ‚ÄúI‚Ä¶ https://t.co/OBU0BrL9qf",45
0.0,2018-06-09 14:36:02+00:00,0.0,1.0,CBSNews,0.0,"President Trump says the U.S. relationship with its allies ""is a 10"" following G-7 summit https://t.co/syywHUMwLG https://t.co/mtKO3vrHT7",46
0.0,2018-06-09 14:31:24+00:00,0.0,1.0,CBSNews,0.0,"""You know, Obama can say all he wants, but he allowed Russia to take Crimea. I may have had a much different attitu‚Ä¶ https://t.co/E3sMsGuxnK",47
0.0,2018-06-09 14:26:38+00:00,0.0,1.0,CBSNews,0.0,"""Tariffs are going to come way down because we people cannot continue to do that,"" President Trump says. ""We are li‚Ä¶ https://t.co/oU0EL8VFIN",48
0.6597,2018-06-09 14:23:43+00:00,0.0,0.803,CBSNews,0.197,"""I think it would be an asset to¬†have Russia back in [the G-7].¬†I think it would be good for¬†the world,"" President‚Ä¶ https://t.co/SjvNCse3XM",49
0.8214,2018-06-09 14:22:36+00:00,0.0,0.735,CBSNews,0.265,"""I really feel confident. I feel that Kim Jong Un wants to do something great for his people, and he has that oppor‚Ä¶ https://t.co/vife8VEUjx",50
0.5423,2018-06-09 14:20:16+00:00,0.0,0.877,CBSNews,0.123,"""I will be on a mission of peace, and we will carry in, really -- in my heart, we are going to be carrying the hear‚Ä¶ https://t.co/kAORBwtI0w",51
0.3818,2018-06-09 14:16:38+00:00,0.0,0.847,CBSNews,0.153,"""We want and expect other nation to provide fair market access to American exports and that we will take whatever s‚Ä¶ https://t.co/Ss7moC0GQc",52
0.0,2018-06-09 14:14:03+00:00,0.0,1.0,CBSNews,0.0,WATCH LIVE: President Trump delivers statement at G-7 summit as he prepares to head to Singapore for meeting with N‚Ä¶ https://t.co/8ZKOqjf4qs,53
-0.7269,2018-06-09 13:49:30+00:00,0.264,0.736,CBSNews,0.0,"For more than a year, Florida failed to do national background checks that could have disqualified people from gain‚Ä¶ https://t.co/hvt09tJdaV",54
-0.5994,2018-06-09 13:30:03+00:00,0.231,0.769,CBSNews,0.0,Can President Trump and Kim Jong Un end the 68-year-old Korean War? https://t.co/yJYhxdnN74 https://t.co/z54J6O7jJK,55
-0.2263,2018-06-09 13:15:54+00:00,0.112,0.888,CBSNews,0.0,Search teams have located the body of a woman who vanished Friday in a suspected alligator attack‚Ä¶ https://t.co/wg7RX1ZqLv,56
0.5106,2018-06-09 13:03:03+00:00,0.0,0.784,CBSNews,0.216,"""Zero trust"" between U.S. and North Korea ahead of historic summit https://t.co/2bT4TFLoUf https://t.co/8VpZ7gHoRk",57
-0.5106,2018-06-09 12:48:04+00:00,0.216,0.784,CBSNews,0.0,"University offers $3,500 to get sick and stay in ""Hotel Influenza"" https://t.co/pHdAork3OW https://t.co/pnJwdLVXQE",58
-0.0258,2018-06-09 12:33:04+00:00,0.073,0.927,CBSNews,0.0,"Gloria Williams sentenced for kidnapping newborn from hospital, raising child as her own https://t.co/oQxTlSaIMO https://t.co/RPOft178nu",59
-0.8481,2018-06-09 12:18:04+00:00,0.479,0.521,CBSNews,0.0,"Mother, her boyfriend sentenced in boy's ""beyond animalistic"" child abuse death https://t.co/P61Ja7u7kS https://t.co/1OI79KPaIj",60
-0.6808,2018-06-09 12:03:04+00:00,0.301,0.699,CBSNews,0.0,Former Senate Intel staffer accused of lying to FBI makes first court appearance https://t.co/Ci68UqgVxb https://t.co/tLQ2bY4iDB,61
0.0,2018-06-09 11:48:03+00:00,0.0,1.0,CBSNews,0.0,Teen escorted from U.S. by ICE slain soon after in Mexico: Report https://t.co/JWiopRQHMA https://t.co/QDGXtfRMjl,62
0.0,2018-06-09 11:33:03+00:00,0.0,1.0,CBSNews,0.0,Fox News' Charles Krauthammer says he has weeks to live https://t.co/4HPbRwLsAc https://t.co/wz1UiswLri,63
-0.7579,2018-06-09 11:18:03+00:00,0.481,0.519,CBSNews,0.0,Palestinians killed in protest near Israel-Gaza border https://t.co/DhtoKuJN9x https://t.co/qGbxFIUtK2,64
-0.3182,2018-06-09 11:03:05+00:00,0.204,0.796,CBSNews,0.0,Group photo masks underlying tension at G-7 summit https://t.co/gWeG8c22fI https://t.co/2Aqe8J9lyH,65
0.5574,2018-06-09 10:48:04+00:00,0.0,0.769,CBSNews,0.231,"Mom in ""affluenza"" case in Texas jail after positive drug test https://t.co/BdS7ls5VfD https://t.co/07u57WLNPp",66
-0.5994,2018-06-09 10:33:04+00:00,0.358,0.642,CBSNews,0.0,Stars react to Anthony Bourdain's death https://t.co/XaqFFj4SOP https://t.co/i6KvwcoZeI,67
0.5859,2018-06-09 10:18:05+00:00,0.0,0.648,CBSNews,0.352,$315M Powerball Jackpot winner comes forward https://t.co/ld8gpKWB2g https://t.co/MDyi8AsNCn,68
0.6705,2018-06-09 10:03:05+00:00,0.0,0.593,CBSNews,0.407,Former security chief for Senate Intelligence Committee indicted https://t.co/WWaotj7p68 https://t.co/XSkfk4QC4s,69
-0.34,2018-06-09 09:48:06+00:00,0.194,0.806,CBSNews,0.0,Teen's arrest prompts new use-of-force investigation for Mesa police https://t.co/AomCZUrMUq https://t.co/2NSzowvnSO,70
0.0,2018-06-09 09:33:03+00:00,0.0,1.0,CBSNews,0.0,Stormy Daniels' former attorney countersues https://t.co/CHACqidrrE https://t.co/j0JS2Q636P,71
-0.1779,2018-06-09 09:18:04+00:00,0.295,0.476,CBSNews,0.229,5 dangerous myths about Social Security https://t.co/L97dCCNTK4 https://t.co/nJTclEeU31,72
-0.8126,2018-06-09 09:03:08+00:00,0.375,0.625,CBSNews,0.0,"Suspect in fatal crash tells TV station: ""People hit and run people all the time"" https://t.co/ZUpGexiSHj https://t.co/ri9u6P6eBF",73
-0.7096,2018-06-09 08:48:04+00:00,0.33,0.67,CBSNews,0.0,High school valedictorian says mic was cut before speaking about sex assault https://t.co/VHy6P86iZW https://t.co/vr3OZuZ8NN,74
-0.6486,2018-06-09 08:33:04+00:00,0.264,0.736,CBSNews,0.0,Woman who led private investigator to stepson's decomposing remains found dead https://t.co/ifW3Y8NNWh https://t.co/fINIm2HenM,75
-0.0258,2018-06-09 08:18:03+00:00,0.073,0.927,CBSNews,0.0,"Gloria Williams sentenced for kidnapping newborn from hospital, raising child as her own https://t.co/dZbiYaOlNs https://t.co/nGg2JYkFQv",76
-0.5106,2018-06-09 08:03:04+00:00,0.216,0.784,CBSNews,0.0,"University offers $3,500 to get sick and stay in ""Hotel Influenza"" https://t.co/qmdxJHvro3 https://t.co/Ay5D1Hnrk9",77
-0.8481,2018-06-09 07:48:03+00:00,0.479,0.521,CBSNews,0.0,"Mother, her boyfriend sentenced in boy's ""beyond animalistic"" child abuse death https://t.co/NSvhsLD5YS https://t.co/Es5pmEwguh",78
-0.6124,2018-06-09 07:33:03+00:00,0.308,0.692,CBSNews,0.0,"Asia Argento, girlfriend of Anthony Bourdain, ""beyond devastated"" https://t.co/iYY5HTPcVe https://t.co/twNUJmiCIp",79
0.0,2018-06-09 07:18:03+00:00,0.0,1.0,CBSNews,0.0,Fox News' Charles Krauthammer says he has weeks to live https://t.co/fbQ25GCArj https://t.co/7YOc4ptMl0,80
0.296,2018-06-09 07:03:04+00:00,0.0,0.845,CBSNews,0.155,"Researchers say they're on the verge of creating a revolutionary, non-addictive painkiller https://t.co/u9kM4XUWXI https://t.co/KJLneHl9Xg",81
-0.7579,2018-06-09 06:48:04+00:00,0.481,0.519,CBSNews,0.0,Palestinians killed in protest near Israel-Gaza border https://t.co/Gcf57qhHp6 https://t.co/yEeiclWjS0,82
0.5574,2018-06-09 06:33:04+00:00,0.0,0.723,CBSNews,0.277,"Trump says he may pardon Muhammad Ali, who does not need a pardon https://t.co/CSfrmCESau https://t.co/lEbE35xvkE",83
-0.5994,2018-06-09 06:18:04+00:00,0.358,0.642,CBSNews,0.0,Stars react to Anthony Bourdain's death https://t.co/ZAvjD1gHKv https://t.co/Xzyn9wv60j,84
0.5574,2018-06-09 06:03:06+00:00,0.0,0.769,CBSNews,0.231,"Mom in ""affluenza"" case in Texas jail after positive drug test https://t.co/Aryj6AEkAZ https://t.co/K39a1CtDfC",85
-0.5574,2018-06-09 05:48:04+00:00,0.205,0.795,CBSNews,0.0,Kate Spade's father said he spoke to her the night before she died https://t.co/hPhLaiRl9K https://t.co/xbutyk3sKb,86
0.5859,2018-06-09 05:33:05+00:00,0.0,0.648,CBSNews,0.352,$315M Powerball Jackpot winner comes forward https://t.co/EtmEQjQ1iD https://t.co/wzu4QQsb9J,87
-0.34,2018-06-09 05:18:05+00:00,0.194,0.806,CBSNews,0.0,Teen's arrest prompts new use-of-force investigation for Mesa police https://t.co/Ojn5ufeZQW https://t.co/P2IlJl7Y8v,88
0.0,2018-06-09 05:03:04+00:00,0.0,1.0,CBSNews,0.0,Stormy Daniels' former attorney countersues https://t.co/9TcJ8awSG0 https://t.co/Y7HjJ8RZAA,89
-0.1779,2018-06-09 04:48:03+00:00,0.295,0.476,CBSNews,0.229,5 dangerous myths about Social Security https://t.co/eJR8SNXxF6 https://t.co/bpF6XXuB01,90
-0.7096,2018-06-09 04:33:03+00:00,0.33,0.67,CBSNews,0.0,High school valedictorian says mic was cut before speaking about sex assault https://t.co/HPzGQvfP6v https://t.co/y4vjIuSSbB,91
-0.6486,2018-06-09 04:18:03+00:00,0.264,0.736,CBSNews,0.0,Woman who led private investigator to stepson's decomposing remains found dead https://t.co/tIzWD3pZII https://t.co/EylAtAJMjM,92
-0.0258,2018-06-09 04:03:06+00:00,0.073,0.927,CBSNews,0.0,"Gloria Williams sentenced for kidnapping newborn from hospital, raising child as her own https://t.co/vbyN5oULaN https://t.co/7WLUMDNYDH",93
0.1531,2018-06-09 03:50:00+00:00,0.157,0.657,CBSNews,0.187,"The Warriors defeated LeBron James and the Cavaliers 108-85, completing a perfect 4-0 sweep https://t.co/Byn9sLKXGL https://t.co/V4KNZy4IAt",94
-0.6486,2018-06-09 03:48:03+00:00,0.398,0.602,CBSNews,0.0,Woman missing after reported alligator attack in Florida https://t.co/GP0MEsucEt https://t.co/Bs3cVoxsSk,95
-0.8481,2018-06-09 03:33:03+00:00,0.479,0.521,CBSNews,0.0,"Mother, her boyfriend sentenced in boy's ""beyond animalistic"" child abuse death https://t.co/p2zYrsgywF https://t.co/rKKuaUzghZ",96
-0.6124,2018-06-09 03:18:04+00:00,0.308,0.692,CBSNews,0.0,"Asia Argento, girlfriend of Anthony Bourdain, ""beyond devastated"" https://t.co/e1GU9vOKPn https://t.co/RrDJwtAUm4",97
0.0,2018-06-09 03:03:08+00:00,0.0,1.0,CBSNews,0.0,Fox News' Charles Krauthammer says he has weeks to live https://t.co/jIOUmPjHSU https://t.co/jIGRsinthx,98
0.0,2018-06-09 02:49:33+00:00,0.0,1.0,CBSNews,0.0,Revelations of a Chinese cyberattack on a U.S. Navy contractor comes days before President Trump attends a summit w‚Ä¶ https://t.co/nJQCbqjMaP,99
0.4019,2018-06-09 02:29:33+00:00,0.0,0.863,CBSNews,0.137,"""The future is now"": Policymakers and businesses are ill-prepared to help workers navigate the transition and adapt‚Ä¶ https://t.co/fzNPQYkxY7",100
0.0,2018-06-10 00:30:08+00:00,0.0,1.0,CNN,0.0,"As the millions of US children diagnosed with ADHD move into adulthood, more and more are wondering whether to cont‚Ä¶ https://t.co/KyyWswuJUN",1
-0.6901,2018-06-10 00:03:12+00:00,0.262,0.738,CNN,0.0,"President Trump calls Canadian Prime Minister Justin Trudeau ""very dishonest and weak,"" accusing him of making ""fal‚Ä¶ https://t.co/fj0JucTrXy",2
0.6124,2018-06-10 00:00:04+00:00,0.0,0.762,CNN,0.238,"Does a pharmacy have an obligation to help a patient be sure that insurance will cover a prescription?

That's the‚Ä¶ https://t.co/luJqdfSzRj",3
-0.5994,2018-06-09 23:30:13+00:00,0.151,0.849,CNN,0.0,Construction workers in the UK have found wads of cash dating back to World War II at a shop that once belonged to‚Ä¶ https://t.co/wYZnzHjRli,4
-0.296,2018-06-09 23:00:05+00:00,0.176,0.824,CNN,0.0,"Charles Krauthammer, the famed conservative columnist, informed readers that he is confronting an aggressive form o‚Ä¶ https://t.co/xEzj6dMTcl",5
0.8176,2018-06-09 22:58:33+00:00,0.0,0.681,CNN,0.319,BREAKING: Justify wins the 150th running of the Belmont Stakes to win horse racing‚Äôs 13th Triple Crown https://t.co/TUE8Wwe8FS,6
0.765,2018-06-09 22:30:05+00:00,0.145,0.526,CNN,0.329,The race to save the Great Barrier Reef? A coral fertility treatment designed to help damaged parts of the reef is‚Ä¶ https://t.co/3nTj0nA5h9,7
0.5859,2018-06-09 22:15:00+00:00,0.074,0.703,CNN,0.223,"Tyler Soloman wiped tears of joy off his face after his father, who'd been deployed overseas, surprised Tyler by sh‚Ä¶ https://t.co/8rub7aG2Ej",8
-0.6486,2018-06-09 22:00:13+00:00,0.218,0.782,CNN,0.0,News of Anthony Bourdain‚Äôs death shook people around the world. We asked for your stories of how this gifted storyt‚Ä¶ https://t.co/YYJPIxu1zN,9
0.2732,2018-06-09 21:53:00+00:00,0.0,0.9,CNN,0.1,"First responders in Russellville, Arkansas, went above and beyond the call of duty to surprise a teen with autism a‚Ä¶ https://t.co/h96qLLu7qu",10
-0.5574,2018-06-09 21:45:05+00:00,0.159,0.841,CNN,0.0,"Danny Kirwan, a guitarist who appeared on five of Fleetwood Mac's albums, died in London on Friday, according to th‚Ä¶ https://t.co/KUwHtJ6ins",11
-0.296,2018-06-09 21:37:48+00:00,0.115,0.885,CNN,0.0,JUST IN: Canadian Prime Minister Justin Trudeau says he will impose retaliatory measures to answer President Trump'‚Ä¶ https://t.co/AiVDwmzMvV,12
0.5927,2018-06-09 21:10:05+00:00,0.0,0.815,CNN,0.185,"Her rare skin condition keeps her indoors, but she braved the sun to walk at graduation https://t.co/ZkdCAXZwUE https://t.co/k6YeRZ6lI0",13
-0.1027,2018-06-09 21:00:06+00:00,0.072,0.928,CNN,0.0,An internal Census Bureau memo sent to Commerce Secretary Wilbur Ross warns that adding a citizenship question to t‚Ä¶ https://t.co/0AZC4nYfN2,14
0.0,2018-06-09 20:50:07+00:00,0.0,1.0,CNN,0.0,Secretary of State Mike Pompeo reiterated US calls for North Korea to completely rid itself of all remnants of its‚Ä¶ https://t.co/3RxJpEMn3K,15
-0.4767,2018-06-09 20:40:09+00:00,0.154,0.846,CNN,0.0,Syracuse University has suspended 15 members of a professional fraternity after they appeared in videos that the sc‚Ä¶ https://t.co/X6Bs6DkczE,16
0.0,2018-06-09 20:30:08+00:00,0.0,1.0,CNN,0.0,Porsche's first electric car will be called the Taycan https://t.co/Wxy5sh45nm https://t.co/3m7qXCcg2J,17
0.6705,2018-06-09 20:20:24+00:00,0.085,0.618,CNN,0.297,"There was nobody like Anthony Bourdain, and there was no show like #PartsUnknown. CNN pays tribute with a special n‚Ä¶ https://t.co/9TgJMgP7Kc",18
0.6486,2018-06-09 20:10:07+00:00,0.0,0.762,CNN,0.238,"President Trump says his relationships with other Western leaders are perfect, but the truth is the transatlantic a‚Ä¶ https://t.co/o0UsVXeClf",19
0.0,2018-06-09 20:00:09+00:00,0.0,1.0,CNN,0.0,"Prince Harry and Meghan, Duchess of Sussex, joined celebrations of Queen Elizabeth II's official birthday with the‚Ä¶ https://t.co/c6kvYJ2vwn",20
0.539,2018-06-09 19:50:34+00:00,0.0,0.852,CNN,0.148,President Trump on the upcoming North Korea meeting: ‚ÄúI really feel confident. I feel that Kim Jong Un wants to do‚Ä¶ https://t.co/9jM2GjrhxU,21
0.5859,2018-06-09 19:40:00+00:00,0.0,0.847,CNN,0.153,"One step on the island of Bermuda, and it's impossible not to be moved by its beauty, history, simplicity and charm‚Ä¶ https://t.co/EOxmxM76Kk",22
0.3612,2018-06-09 19:30:00+00:00,0.0,0.878,CNN,0.122,"Will we ever fly like the Jetsons? This company just unveiled its first commercial flying car, Flyer ‚Äî and‚Ä¶ https://t.co/bZV351RYJz",23
-0.7269,2018-06-09 19:20:09+00:00,0.319,0.681,CNN,0.0,A man in Texas nearly died after the severed head of a rattlesnake bit him https://t.co/bqHnciUgf3 https://t.co/NmnJLHs3Hz,24
-0.6486,2018-06-09 19:17:02+00:00,0.218,0.782,CNN,0.0,News of Anthony Bourdain‚Äôs death shook people around the world. We asked for your stories of how this gifted storyt‚Ä¶ https://t.co/lzZyRpT9Co,25
-0.7506,2018-06-09 19:10:07+00:00,0.274,0.726,CNN,0.0,"Authorities have found the remains of a woman killed by an alligator in Davie, Florida. The woman disappeared Frida‚Ä¶ https://t.co/MlDdA6jk5h",26
0.0,2018-06-09 19:00:08+00:00,0.0,1.0,CNN,0.0,The small (but not insignificant) ways Anthony Bourdain made a difference in the lives of some everyday people‚Ä¶ https://t.co/TMK8f9nYfC,27
0.5719,2018-06-09 18:50:01+00:00,0.0,0.861,CNN,0.139,"In the history of horse racing, only 12 horses have ever won the fabled Triple Crown. But why is this trophy so dif‚Ä¶ https://t.co/gDu0o6AgPX",28
0.0,2018-06-09 18:40:00+00:00,0.0,1.0,CNN,0.0,"President Trump, while making remarks at the G7 summit, says he has not spoken to Vladimir Putin in ""quite a while,‚Ä¶ https://t.co/4qmAImsiL4",29
0.0,2018-06-09 18:30:14+00:00,0.0,1.0,CNN,0.0,This computer can do more calculations per second than the world's population could do in a year‚Ä¶ https://t.co/wqlDQvYF3L,30
0.4215,2018-06-09 18:20:06+00:00,0.0,0.882,CNN,0.118,"At the G7 meeting, President Trump called for an end to tariffs and scolded other countries for using the United St‚Ä¶ https://t.co/KG7SFGii09",31
0.4215,2018-06-09 18:10:00+00:00,0.0,0.781,CNN,0.219,BlackBerry still hopes its keyboard keeps fans coming back https://t.co/AodQi1CBVV https://t.co/8KbIHW3k74,32
0.765,2018-06-09 18:00:06+00:00,0.145,0.526,CNN,0.329,The race to save the Great Barrier Reef? A coral fertility treatment designed to help damaged parts of the reef is‚Ä¶ https://t.co/MD6vhMxOh8,33
0.0,2018-06-09 17:50:06+00:00,0.0,1.0,CNN,0.0,"What is a tariff? Your trade questions, answered https://t.co/AIJVEEOzHM https://t.co/HT5UJDzzjl",34
0.0,2018-06-09 17:40:05+00:00,0.0,1.0,CNN,0.0,A Sikh soldier wore a turban in Queen Elizabeth ll's official birthday parade https://t.co/LK0fihnFB2 https://t.co/142baFgcVA,35
0.0,2018-06-09 17:27:05+00:00,0.0,1.0,CNN,0.0,A former diplomat at the Vatican Embassy in Washington has been indicted by a Vatican court for possession of child‚Ä¶ https://t.co/CSRKlOzeg8,36
0.2732,2018-06-09 17:18:43+00:00,0.221,0.514,CNN,0.265,Simona Halep wins first grand slam title by beating Sloane Stephens at the French Open https://t.co/0tMJbvB40e https://t.co/s3YRroOgXu,37
-0.4019,2018-06-09 16:59:35+00:00,0.119,0.881,CNN,0.0,President Trump doubles down on his call for Russia to be readmitted into the G7 and blames former President Obama‚Ä¶ https://t.co/3zkWB92wwY,38
-0.7506,2018-06-09 16:47:11+00:00,0.33,0.67,CNN,0.0,The Trump administration's latest attack on Obamacare would gut protections for the sick https://t.co/ikBcCkGeAT https://t.co/ehXI4vF0vc,39
-0.5994,2018-06-09 16:36:04+00:00,0.151,0.849,CNN,0.0,Construction workers in the UK have found wads of cash dating back to World War II at a shop that once belonged to‚Ä¶ https://t.co/Zuo9XcYf9a,40
0.4404,2018-06-09 16:26:06+00:00,0.0,0.868,CNN,0.132,"Anthony Bourdain's fans turned the restaurant where he shot to fame as a chef into a memorial, leaving roses and no‚Ä¶ https://t.co/5fg9y1cERL",41
0.7717,2018-06-09 16:14:06+00:00,0.0,0.749,CNN,0.251,"Hall of Fame trainer Bob Baffert, who is looking to make history with a win today at the Belmont Stakes, compares h‚Ä¶ https://t.co/sUsVNh98tA",42
0.0,2018-06-09 16:00:03+00:00,0.0,1.0,CNN,0.0,"The week began with news of Trump canceling the Philadelphia Eagles' visit to the White House, and ended with news‚Ä¶ https://t.co/H1ILtBxF1W",43
0.2023,2018-06-09 15:50:29+00:00,0.0,0.913,CNN,0.087,Illinois Republicans in Congress are making an urgent plea to President Trump: Don't let Rod Blagojevich off the ho‚Ä¶ https://t.co/L4UPCaV1kD,44
0.1779,2018-06-09 15:38:05+00:00,0.097,0.773,CNN,0.13,Former Trump campaign chairman Paul Manafort and his attorneys struck back at special counsel Robert Mueller's char‚Ä¶ https://t.co/m4eIhVUiWL,45
-0.296,2018-06-09 15:27:34+00:00,0.176,0.824,CNN,0.0,"Charles Krauthammer, the famed conservative columnist, informed readers that he is confronting an aggressive form o‚Ä¶ https://t.co/7vTbQ8M6D8",46
0.0,2018-06-09 15:13:56+00:00,0.0,1.0,CNN,0.0,"Prince Harry and Meghan, Duchess of Sussex, joined celebrations of Queen Elizabeth II's official birthday with the‚Ä¶ https://t.co/UkiwKzYsxC",47
-0.4585,2018-06-09 14:57:06+00:00,0.187,0.813,CNN,0.0,Republicans haven't won statewide in Virginia since 2009. Tuesday's Senate primary shows why:‚Ä¶ https://t.co/xkWpPfkUCE,48
-0.0772,2018-06-09 14:43:08+00:00,0.067,0.933,CNN,0.0,President Trump says he thinks he‚Äôll know ‚Äúwithin the first minute‚Äù if North Korea is serious about peace‚Ä¶ https://t.co/kRdFefn4fN,49
0.6597,2018-06-09 14:36:51+00:00,0.0,0.822,CNN,0.178,"RT @CNNPolitics: Trump: ""I think it would be asset to have Russia back in. I think it would be good for the world. I think it would be good‚Ä¶",50
0.2732,2018-06-09 14:30:03+00:00,0.0,0.884,CNN,0.116,"""Consumer Financial Protection Bureau acting director Mick Mulvaney has ousted a committed group of experts who vol‚Ä¶ https://t.co/l36frkFEtw",51
0.539,2018-06-09 14:24:10+00:00,0.0,0.852,CNN,0.148,President Trump on the upcoming North Korea meeting: ‚ÄúI really feel confident. I feel that Kim Jong Un wants to do‚Ä¶ https://t.co/D0Fi57k3zj,52
-0.3412,2018-06-09 14:20:07+00:00,0.211,0.789,CNN,0.0,Things don't look good for Dodge and Chrysler https://t.co/twYdKzCpZ4 https://t.co/9aKZvGnuQG,53
0.5574,2018-06-09 14:18:20+00:00,0.0,0.813,CNN,0.187,"President Trump: Trade was ""at the top of the list"" at G7 discussions because ""the United States has been taken adv‚Ä¶ https://t.co/u6247HzPsj",54
0.0,2018-06-09 14:16:21+00:00,0.0,1.0,CNN,0.0,President Trump is speaking at the G7 before heading to Singapore for the summit with Kim Jong Un. Watch live on CN‚Ä¶ https://t.co/dNYLQOvVEk,55
0.0,2018-06-09 14:09:49+00:00,0.0,1.0,CNN,0.0,President Trump is planning to depart the G7 ahead of climate change talks https://t.co/bfFqMKTIrg https://t.co/6PkzSs4guA,56
0.34,2018-06-09 14:01:04+00:00,0.0,0.888,CNN,0.112,Former President Obama says he‚Äôll always remember the meal he shared with Anthony Bourdain in Vietnam: ‚ÄúHe taught u‚Ä¶ https://t.co/XI67jcoy55,57
-0.3818,2018-06-09 13:46:07+00:00,0.167,0.833,CNN,0.0,President Trump's tariffs on steel and aluminum threaten America's booming RV industry https://t.co/FxOEFN6Sx2 https://t.co/zpDj0uGxRI,58
0.0,2018-06-09 13:31:03+00:00,0.0,1.0,CNN,0.0,"What is a tariff? Your trade questions, answered https://t.co/8Fylq20zXj https://t.co/pSfQJhAnZR",59
0.5719,2018-06-09 13:26:05+00:00,0.0,0.829,CNN,0.171,The Duke and Duchess of Sussex celebrate Queen Elizabeth II's official birthday with the traditional Trooping the C‚Ä¶ https://t.co/L2o8IJcNej,60
0.5859,2018-06-09 13:16:00+00:00,0.0,0.847,CNN,0.153,"One step on the island of Bermuda, and it's impossible not to be moved by its beauty, history, simplicity and charm‚Ä¶ https://t.co/mPpGOqifbk",61
0.0,2018-06-09 13:01:05+00:00,0.0,1.0,CNN,0.0,"As the millions of US children diagnosed with ADHD move into adulthood, more and more are wondering whether to cont‚Ä¶ https://t.co/Qs5xlj8fwK",62
0.0,2018-06-09 12:53:19+00:00,0.119,0.763,CNN,0.119,"Fans around the world mourn chef and storyteller Anthony Bourdain, sharing memories of how his travels, food and co‚Ä¶ https://t.co/jiW8HhY9ia",63
0.6124,2018-06-09 12:46:08+00:00,0.0,0.762,CNN,0.238,"Does a pharmacy have an obligation to help a patient be sure that insurance will cover a prescription?

That's the‚Ä¶ https://t.co/2Jxsnx7cI0",64
0.3818,2018-06-09 12:31:06+00:00,0.0,0.698,CNN,0.302,Twitter has had a stunning turnaround https://t.co/hzutT84IrC https://t.co/AK7R50K5mh,65
0.4939,2018-06-09 12:16:00+00:00,0.0,0.856,CNN,0.144,IHOP says it's changing name to IHOb. Many major companies also have rebranded ‚Äî some successfully and some not so‚Ä¶ https://t.co/Xz5NjtpaqH,66
0.4576,2018-06-09 12:01:03+00:00,0.0,0.786,CNN,0.214,Mars is suddenly more interesting | By Jonathan Lunine via @CNNOpinion https://t.co/EA2ETHIldR https://t.co/fgmZax7nwV,67
-0.5994,2018-06-09 11:52:04+00:00,0.151,0.849,CNN,0.0,Construction workers in the UK have found wads of cash dating back to World War II at a shop that once belonged to‚Ä¶ https://t.co/TYdsjSziK7,68
0.0,2018-06-09 11:46:00+00:00,0.0,1.0,CNN,0.0,"During her commencement address to the MIT Class of 2018, Facebook COO Sheryl Sandberg spoke candidly about Faceboo‚Ä¶ https://t.co/hznkJTzAPH",69
-0.296,2018-06-09 11:31:05+00:00,0.176,0.824,CNN,0.0,"Charles Krauthammer, the famed conservative columnist, informed readers that he is confronting an aggressive form o‚Ä¶ https://t.co/H6R3LykoER",70
0.3612,2018-06-09 11:16:00+00:00,0.0,0.878,CNN,0.122,"Will we ever fly like the Jetsons? This company just unveiled its first commercial flying car, Flyer ‚Äî and‚Ä¶ https://t.co/uRJsH7yPmG",71
0.765,2018-06-09 11:01:06+00:00,0.145,0.526,CNN,0.329,The race to save the Great Barrier Reef? A coral fertility treatment designed to help damaged parts of the reef is‚Ä¶ https://t.co/AGpnS1dn0C,72
-0.4588,2018-06-09 10:31:49+00:00,0.143,0.857,CNN,0.0,"Organizers of a fashion show in Saudi Arabia used drones to display female clothes, drawing ridicule on social medi‚Ä¶ https://t.co/cgo5HTjIJd",73
0.0,2018-06-09 10:16:00+00:00,0.0,1.0,CNN,0.0,"From delivery to aviation, Dubai is at the forefront of drone experimentation. Here's a look at what the future hol‚Ä¶ https://t.co/IZMve8IRLb",74
0.0,2018-06-09 10:01:03+00:00,0.0,1.0,CNN,0.0,Are windowless planes the future of travel? https://t.co/Fjc2m6WgtG https://t.co/ux29QpKXWA,75
0.0,2018-06-09 09:31:04+00:00,0.0,1.0,CNN,0.0,"Hurricanes and tropical storms are moving more slowly around the planet, resulting in higher rainfall and more extr‚Ä¶ https://t.co/8qyqjq9IGd",76
0.4019,2018-06-09 09:29:10+00:00,0.0,0.87,CNN,0.13,"The Afghan Taliban called for a three-day ceasefire with Afghan forces over the Eid al-Fitr holiday, a move that fo‚Ä¶ https://t.co/BLmTAtjmRg",77
0.5859,2018-06-09 09:16:00+00:00,0.074,0.703,CNN,0.223,"Tyler Soloman wiped tears of joy off his face after his father, who'd been deployed overseas, surprised Tyler by sh‚Ä¶ https://t.co/uzD0GNZH2P",78
0.0,2018-06-09 09:01:21+00:00,0.0,1.0,CNN,0.0,"Penguins, Seals, and Krill: Antarctica's fragile food chain | via @CNNVR https://t.co/1BBRFfOzWk https://t.co/G46D0CB0wY",79
0.0,2018-06-09 08:31:08+00:00,0.0,1.0,CNN,0.0,Anthony Bourdain's life in pictures https://t.co/76sjWPlMRR https://t.co/MtFAqaoDvC,80
-0.6124,2018-06-09 08:29:13+00:00,0.238,0.762,CNN,0.0,"The US Embassy in Mozambique has warned of ""imminent attacks"" against government and commercial centers in a northe‚Ä¶ https://t.co/EoDJsFFoOM",81
0.6369,2018-06-09 08:16:00+00:00,0.0,0.794,CNN,0.206,Egypt is building The Grand Egyptian Museum. The cost? More than $1 billion. It will re-house and restore some of t‚Ä¶ https://t.co/R5c8mOlfrv,82
0.3612,2018-06-09 08:05:06+00:00,0.089,0.751,CNN,0.16,The Justice Department won't defend the Deferred Action for Childhood Arrivals program in a federal lawsuit that Te‚Ä¶ https://t.co/0IJPEuEAF0,83
0.0,2018-06-09 08:01:09+00:00,0.0,1.0,CNN,0.0,President Trump is dressed as a king on the new Time magazine cover https://t.co/7pFcAHVSIF https://t.co/joUPfVBvUY,84
0.2732,2018-06-09 07:46:00+00:00,0.0,0.9,CNN,0.1,"First responders in Russellville, Arkansas, went above and beyond the call of duty to surprise a teen with autism a‚Ä¶ https://t.co/QtTP3JEFVL",85
0.0,2018-06-09 07:31:08+00:00,0.0,1.0,CNN,0.0,The world's highest glass bridge will soon be home to the world's highest bungee jump https://t.co/fAaotSRizW via‚Ä¶ https://t.co/t4WbdUBMFL,86
0.0,2018-06-09 07:16:00+00:00,0.0,1.0,CNN,0.0,"Steamboat Geyser in Yellowstone National Park is erupting unusually often. One June 4, the geyser had its eighth er‚Ä¶ https://t.co/kzJPr5HFmj",87
-0.2732,2018-06-09 07:01:07+00:00,0.104,0.896,CNN,0.0,"Researchers are looking into the possibility of using blood tests to predict a woman's risk of premature birth, whi‚Ä¶ https://t.co/vJZFkJZz7U",88
0.0,2018-06-09 06:46:00+00:00,0.0,1.0,CNN,0.0,Watch these homes being built using a 3D printer https://t.co/igaBP4k4F8 https://t.co/cpQ97vRD2k,89
0.0,2018-06-09 06:31:07+00:00,0.0,1.0,CNN,0.0,KFC says it will break with its meat-loving tradition and begin testing a vegetarian alternative to chicken later t‚Ä¶ https://t.co/WfVJGm649F,90
0.2263,2018-06-09 06:16:00+00:00,0.0,0.894,CNN,0.106,This Army soldier traveled from Iraq for his daughter‚Äôs graduation and surprised her at the rehearsal‚Ä¶ https://t.co/5UKjPCDo5W,91
0.0,2018-06-09 06:01:07+00:00,0.0,1.0,CNN,0.0,This is the poem a kindergarten teacher hung up so her students know what to do in a school shooting‚Ä¶ https://t.co/Tf587ohFnZ,92
0.8519,2018-06-09 05:46:00+00:00,0.0,0.646,CNN,0.354,Ever felt like your vacation would make a good blockbuster movie? This tour company aims to capture your travel exp‚Ä¶ https://t.co/DsmmE2rdJx,93
0.7351,2018-06-09 05:16:00+00:00,0.0,0.677,CNN,0.323,This delivery man is being praised for taking a welcome mat's quirky instructions literally https://t.co/JTIKQxzCvS https://t.co/rZCmomGUOb,94
0.0258,2018-06-09 05:01:04+00:00,0.0,0.942,CNN,0.058,Organic matter has been found on Mars in soil samples the Curiosity rover took from 3 billion-year-old mudstone in‚Ä¶ https://t.co/QrC1BQMFkl,95
0.4215,2018-06-09 04:46:00+00:00,0.0,0.781,CNN,0.219,BlackBerry still hopes its keyboard keeps fans coming back https://t.co/AodQi1UcNt https://t.co/r2CaKtagX7,96
-0.3597,2018-06-09 04:31:04+00:00,0.146,0.773,CNN,0.082,"Venezuela ranks as the most dangerous country in the world for the second straight year, according to a new Gallup‚Ä¶ https://t.co/ywDhdCxqJn",97
0.0,2018-06-09 04:16:00+00:00,0.0,1.0,CNN,0.0,This surveillance camera footage from last weekend shows a tiny asteroid that NASA says disintegrated over southern‚Ä¶ https://t.co/f10F3pY2Rw,98
0.0,2018-06-09 04:01:07+00:00,0.0,1.0,CNN,0.0,Time cover gets Trump just right | By Michael D'Antonio via @CNNOpinion https://t.co/3Na14xHBeg https://t.co/MtWRm0tvV9,99
0.5859,2018-06-09 03:46:00+00:00,0.0,0.847,CNN,0.153,"One step on the island of Bermuda, and it's impossible not to be moved by its beauty, history, simplicity and charm‚Ä¶ https://t.co/FUbBJgpbPn",100
-0.1531,2018-06-10 00:04:46+00:00,0.151,0.849,nytimes,0.0,Judge Stops Deportation of a New York Pizza Delivery Man https://t.co/HvmhAiLkvU,1
0.8074,2018-06-09 23:43:28+00:00,0.0,0.722,nytimes,0.278,RT @nytimestravel: This year would have been Leonard Bernstein's 100th birthday. Celebrate his rich musical legacy at these events around t‚Ä¶,2
-0.4019,2018-06-09 23:43:02+00:00,0.13,0.87,nytimes,0.0,"Breaking News: President Trump upended two days of diplomacy, refusing to sign a Group of 7 statement and calling P‚Ä¶ https://t.co/Y0hQKylGpt",3
-0.6705,2018-06-09 23:25:30+00:00,0.647,0.353,nytimes,0.0,I Have Post-Brokeness Stress Disorder https://t.co/DzbNcVsanm,4
-0.128,2018-06-09 23:11:56+00:00,0.137,0.747,nytimes,0.116,The powerful conservative donor couple you‚Äôve never heard of: Liz and Dick Uihlein are spending millions to shape a‚Ä¶ https://t.co/X4PKGfkCQc,5
0.8225,2018-06-09 22:53:56+00:00,0.0,0.691,nytimes,0.309,"Breaking News: Justify won the Belmont Stakes to become the 13th Triple Crown champion, the second in 4 years https://t.co/hm0DyHs93a",6
0.2023,2018-06-09 22:53:01+00:00,0.095,0.776,nytimes,0.129,"""This has been a very slim Broadway season."" What NYT's theater critics had to say about the Tony Awards nomination‚Ä¶ https://t.co/4LbGoj8MbY",7
0.0,2018-06-09 22:36:48+00:00,0.0,1.0,nytimes,0.0,"What to watch, what to read and what to listen to by and about Anthony Bourdain https://t.co/xKVpypbD5i",8
-0.296,2018-06-09 22:20:02+00:00,0.099,0.901,nytimes,0.0,"She went out for a walk with her dogs. Then she went missing. Hours later, officials found human remains inside of‚Ä¶ https://t.co/wMhCiG236J",9
0.5859,2018-06-09 22:10:05+00:00,0.0,0.84,nytimes,0.16,"Justify will attempt to become the 13th Triple Crown winner, and first since American Pharoah in 2015, in the Belmo‚Ä¶ https://t.co/oSk73TTFVu",10
0.1901,2018-06-09 22:00:09+00:00,0.0,0.923,nytimes,0.077,"New parks are cropping up across the city, many courtesy of new apartment complexes, but you won‚Äôt need to have a p‚Ä¶ https://t.co/NW2yo2cQ4L",11
0.6486,2018-06-09 21:45:04+00:00,0.0,0.654,nytimes,0.346,"These sweet, lemony rolls are a fresh alternative to classic cinnamon rolls https://t.co/prmvr6p22Z",12
-0.2411,2018-06-09 21:30:11+00:00,0.094,0.906,nytimes,0.0,"In @NYTOpinion

Sarah Jackson writes, ""Anthony Bourdain was not just curious about food and the world. He was aware‚Ä¶ https://t.co/5hEzlnvRuR",13
0.0,2018-06-09 21:15:06+00:00,0.0,1.0,nytimes,0.0,Anthony Bourdain understood that eating was simply a way of taking the world inside you https://t.co/MFUCcrSnln,14
0.0,2018-06-09 21:00:09+00:00,0.0,1.0,nytimes,0.0,"A salmonella outbreak has been linked to melons sold at Trader Joe's, Costco, Walgreens and other stores in 8 states https://t.co/OelPlvpK5c",15
0.0,2018-06-09 20:45:08+00:00,0.0,1.0,nytimes,0.0,"With American presidential races requiring an ever-dizzying amount of money, a behind-the-scenes 2020 contest is al‚Ä¶ https://t.co/tHOnZLcUXg",16
0.0,2018-06-09 20:37:06+00:00,0.0,1.0,nytimes,0.0,"RT @NYTNational: ‚ö°Ô∏è ‚ÄúAudio Series: ‚ÄãCharm City‚Äù

https://t.co/wY7o7Opy3u",17
0.0,2018-06-09 20:30:05+00:00,0.0,1.0,nytimes,0.0,"Surveillance cameras are an inescapable fixture of the modern city. But in Newark, the police have taken an extraor‚Ä¶ https://t.co/lzw2Eo7eCH",18
-0.6249,2018-06-09 20:15:09+00:00,0.212,0.788,nytimes,0.0,We demolish the lame excuses British executives gave for the lack of women on corporate boards. Read the latest Gen‚Ä¶ https://t.co/jhJiWjGPGd,19
0.4019,2018-06-09 20:00:07+00:00,0.065,0.791,nytimes,0.144,"With Kyrie Irving's popularity has come controversy: He has questioned several times whether the Earth is round, an‚Ä¶ https://t.co/XuXD1Q2qPy",20
-0.2732,2018-06-09 19:45:02+00:00,0.114,0.829,nytimes,0.057,"In @NYTOpinion 

Daniel Patterson writes, ""No matter how famous and seemingly unapproachable he became in the world‚Ä¶ https://t.co/BQnrKYPvyI",21
-0.7351,2018-06-09 19:30:10+00:00,0.324,0.676,nytimes,0.0,Gun ranges and gun shops in several states have declared themselves ‚ÄúMuslim-free zones.‚Äù Several Muslim gun owners‚Ä¶ https://t.co/GOwpHFkLks,22
0.8126,2018-06-09 19:15:07+00:00,0.0,0.709,nytimes,0.291,"In @NYTOpinion 

Musa Okwonga writes, ""Here we are again on the eve of the planet‚Äôs greatest traveling festival: Ye‚Ä¶ https://t.co/nBxJnGwvsF",23
0.0,2018-06-09 19:00:09+00:00,0.0,1.0,nytimes,0.0,Have questions about the Belmont Stakes and the Triple Crown? We have your answers. https://t.co/GPu2uPlTRV,24
0.0,2018-06-09 18:45:05+00:00,0.0,1.0,nytimes,0.0,‚ÄúI talk back to people when they say something about me now because I know even with my condition that I am beautif‚Ä¶ https://t.co/TJmesUhGTL,25
0.0,2018-06-09 18:30:14+00:00,0.0,1.0,nytimes,0.0,Science is taking a back seat in policymaking across the Trump administration. The North Korea nuclear talks offer‚Ä¶ https://t.co/hauZtxGqq5,26
0.0,2018-06-09 18:15:08+00:00,0.0,1.0,nytimes,0.0,"In his own unorthodox way, Trump has been preparing for this encounter with Kim Jong-Un his entire adult life https://t.co/VlXkCmqssL",27
0.0,2018-06-09 18:00:05+00:00,0.0,1.0,nytimes,0.0,"With his America First agenda, Trump has driven a wedge between the U.S. and its allies, ceding leadership and its‚Ä¶ https://t.co/sfyYD4o3hM",28
0.128,2018-06-09 17:50:07+00:00,0.103,0.775,nytimes,0.122,"RT @TheSteinLine: All the tales ‚Äî legacy, free agency, injury ‚Äî from what might (or might not) have been LeBron James‚Äô last night as a Clev‚Ä¶",29
0.0,2018-06-09 17:40:03+00:00,0.0,1.0,nytimes,0.0,California has dug in at the front lines of the resistance to President Trump. And then there is Orange County. https://t.co/BSVW14kSmd,30
0.0,2018-06-09 17:25:03+00:00,0.0,1.0,nytimes,0.0,"What to watch, what to read and what to listen to by and about Anthony Bourdain https://t.co/TR5noBS7Ee",31
-0.0772,2018-06-09 17:10:03+00:00,0.151,0.711,nytimes,0.138,"Who‚Äôs right, Elon Musk or Mark Zuckerberg? Is supersmart artificial intelligence a potential threat to humans, or a‚Ä¶ https://t.co/8zay2rbSEG",32
0.4767,2018-06-09 17:00:23+00:00,0.0,0.853,nytimes,0.147,"RT @stanfordc: I‚Äôm proud to say that there has never been a swimsuit portion of the news quiz 
https://t.co/e1Z8wlhYvy https://t.co/4YJ7UrG‚Ä¶",33
0.0,2018-06-09 16:45:09+00:00,0.0,1.0,nytimes,0.0,"30 billion gallons of Hawaiian lava, as seen from the ground and space https://t.co/vz9qQOCYS9",34
0.2732,2018-06-09 16:30:07+00:00,0.107,0.741,nytimes,0.152,She wanted to celebrate their marriage in lavish style. He had something less lofty in mind. A lovers‚Äô battle ensue‚Ä¶ https://t.co/RnvIaxRtRP,35
-0.5994,2018-06-09 16:15:02+00:00,0.187,0.813,nytimes,0.0,"Anthony Bourdain's sudden death at Le Chambard, a hotel in the village of Kaysersberg in northeastern France, sent‚Ä¶ https://t.co/V5gRoZKGQN",36
0.743,2018-06-09 16:01:00+00:00,0.0,0.704,nytimes,0.296,"@jimdwyernyt ""The supply of excellent schools cannot meet the demands of capable students, whatever their backgroun‚Ä¶ https://t.co/KF39XvdUjJ",37
0.3612,2018-06-09 15:58:00+00:00,0.0,0.872,nytimes,0.128,"@jimdwyernyt The specialized schools are far from bastions of privilege, dominated by immigrants or the children of‚Ä¶ https://t.co/DWOoiPghSz",38
0.3612,2018-06-09 15:55:03+00:00,0.0,0.884,nytimes,0.116,"In New York‚Äôs ragged history of race, class, privilege and equity, the city‚Äôs specialized high schools have long be‚Ä¶ https://t.co/HL2yw2JmHz",39
-0.7269,2018-06-09 15:41:58+00:00,0.253,0.747,nytimes,0.0,Breaking News: President Trump threatened to end trade with G-7 nations that he said use unfair practices. ‚ÄúWe‚Äôre l‚Ä¶ https://t.co/uI5rOmZ76O,40
0.2023,2018-06-09 15:32:50+00:00,0.0,0.847,nytimes,0.153,"Flaky mounds of quick bread, golden brown, with a significant crumb https://t.co/wbMRgvySpY",41
0.6369,2018-06-09 15:16:31+00:00,0.092,0.669,nytimes,0.239,Breaking News: Simona Halep of Romania beat Sloane Stephens to win the French Open. It was the first Grand Slam tit‚Ä¶ https://t.co/3sFwWkJ353,42
0.7269,2018-06-09 15:05:06+00:00,0.0,0.711,nytimes,0.289,Her $1 million gift left educators asking: How was one teacher able to save so much money?https://t.co/Vv8fhgbwWA,43
-0.875,2018-06-09 14:51:21+00:00,0.321,0.679,nytimes,0.0,"If you or someone else you know is having thoughts of suicide, call the National Suicide Prevention Lifeline at 1-8‚Ä¶ https://t.co/5kOUYV8c3u",44
-0.6705,2018-06-09 14:50:03+00:00,0.191,0.809,nytimes,0.0,New federal data shows that suicide rates have been increasing for years in almost every state and across demograph‚Ä¶ https://t.co/g6znmjYQl5,45
-0.0258,2018-06-09 14:37:50+00:00,0.14,0.723,nytimes,0.136,"After failing to repeal the Affordable Care Act, the Trump administration is seizing on a different strategy for di‚Ä¶ https://t.co/Low8zwBsVL",46
0.5106,2018-06-09 14:36:39+00:00,0.0,0.845,nytimes,0.155,"Our experts weighed in on the contenders, including the Triple Crown hopeful Justify, for the 150th Belmont Stakes https://t.co/xi9TIoAxWb",47
0.0,2018-06-09 14:20:07+00:00,0.0,1.0,nytimes,0.0,"RT @NYTMetro: ‚ÄúThis is the deportation machine in full effect, and everyone should wake up to how American citizens and their families are‚Ä¶",48
0.6369,2018-06-09 14:02:25+00:00,0.0,0.84,nytimes,0.16,"RT @caityweaver: The strangest and best recommendation I will ever make to you is: Listen to the same 4 podcast appearances by ""Sex and the‚Ä¶",49
-0.296,2018-06-09 13:43:12+00:00,0.136,0.864,nytimes,0.0,Pope Tells Oil Executives to Act on Climate: ‚ÄòThere Is No Time to Lose‚Äô https://t.co/jpXdOMmBOf,50
0.0,2018-06-09 13:38:05+00:00,0.0,1.0,nytimes,0.0,Elizabeth Warren and a Scholarly Debate Over Medical Bankruptcy That Won‚Äôt Go Away https://t.co/mbz6wvuSUO,51
0.4574,2018-06-09 13:26:45+00:00,0.0,0.501,nytimes,0.499,RT @NYTStyles: Parties! https://t.co/MdgG2e1xjI,52
0.7906,2018-06-09 13:06:58+00:00,0.0,0.667,nytimes,0.333,"RT @nytimesbusiness: ""Wealth was about being able to create the change you wish to see in the world.‚Äù https://t.co/KoQCO5Iy1y",53
0.0,2018-06-09 12:50:47+00:00,0.0,1.0,nytimes,0.0,An exhibition in London examines the feelings people harbor about their teeth. Here's a look at some of the most cu‚Ä¶ https://t.co/KRz76xwrXq,54
0.5859,2018-06-09 12:33:02+00:00,0.0,0.787,nytimes,0.213,RT @NYTSports: Need a winner for the Belmont Stakes? @MHoppertNYT and @joedrape have you covered: https://t.co/44joWHhuTm,55
-0.296,2018-06-09 12:32:42+00:00,0.216,0.784,nytimes,0.0,Why Cities Can‚Äôt Stop Poaching From One Another https://t.co/X1SeTjbqKs,56
-0.296,2018-06-09 12:17:32+00:00,0.091,0.909,nytimes,0.0,RT @nytimesworld: Austrian officials have ordered seven mosques to close and may refuse dozens of imams the right to reside in the country‚Ä¶,57
0.0,2018-06-09 12:00:08+00:00,0.0,1.0,nytimes,0.0,RT @nytrealestate: A quick guide to what you need to get your first apartment in New York City https://t.co/NQYV03Xkyn,58
-0.3182,2018-06-09 11:49:08+00:00,0.277,0.723,nytimes,0.0,Men‚Äôs Fashion Week Loses Some Luster https://t.co/TCj0nbeFMj,59
-0.8074,2018-06-09 11:41:16+00:00,0.356,0.644,nytimes,0.0,"Inside New York‚Äôs dollar van wars: strict regulations, low margins and a constant fight with rogue van drivers https://t.co/kiAEpdxkgV",60
0.0,2018-06-09 11:23:34+00:00,0.0,1.0,nytimes,0.0,"RT @NYTMetro: On the stoop that was his perch, a requiem for the mayor of West 83rd Street, in Manhattan. https://t.co/qRN1VlPo1t",61
0.3612,2018-06-09 11:07:18+00:00,0.0,0.783,nytimes,0.217,"Charlotte Fox, 61, Trailblazing Alpinist and Everest Survivor, Dies https://t.co/nM5gpQdLhB",62
0.4404,2018-06-09 11:05:12+00:00,0.0,0.707,nytimes,0.293,A Good Appetite: Chicken Milanese Has Its Moment https://t.co/Rhco2hq6mS,63
0.0,2018-06-09 11:03:06+00:00,0.0,1.0,nytimes,0.0,The New York Times obituary for Anthony Bourdain https://t.co/D697EnEWQX,64
0.6369,2018-06-09 10:35:35+00:00,0.0,0.833,nytimes,0.167,RT @NYTmag: 24 hours. 23 photographers. One city. One topic: Love. Watch the making of this issue https://t.co/s2uND5xgVs and see the full‚Ä¶,65
0.25,2018-06-09 10:18:25+00:00,0.0,0.895,nytimes,0.105,The recent volcanic eruptions in Hawaii and Guatemala are a reminder that not all volcanoes are created equal https://t.co/M7sNdtwIzJ,66
0.5267,2018-06-09 10:00:17+00:00,0.0,0.855,nytimes,0.145,"For the 3rd time in 4 seasons, and for the 2nd year in a row, the Golden State Warriors are NBA champions https://t.co/r7NgjH0nbf",67
-0.1531,2018-06-09 09:41:41+00:00,0.129,0.762,nytimes,0.109,"RT @nytimestech: The Chinese electronics maker ZTE has survived its brush with death. Now, it has to figure out how to stay in business. He‚Ä¶",68
0.6124,2018-06-09 09:24:47+00:00,0.0,0.722,nytimes,0.278,"RT @nytrealestate: You may like the contractor, but does the contractor like you back? https://t.co/kPShW4JONu",69
0.5994,2018-06-09 09:07:20+00:00,0.049,0.792,nytimes,0.158,"RT @NYTmag: On a rainy Saturday morning on May 19, @philip_nyc captured love in the middle of Times Square. See more from our #NYTLoveCity‚Ä¶",70
-0.4215,2018-06-09 08:50:10+00:00,0.286,0.714,nytimes,0.0,How I Used Art to Get Through Trauma https://t.co/7N5fzAxLoe,71
0.0,2018-06-09 08:42:33+00:00,0.0,1.0,nytimes,0.0,"The NYT review of ""Ocean's 8"" https://t.co/flFaRzpyzr",72
0.5106,2018-06-09 08:26:14+00:00,0.0,0.752,nytimes,0.248,She‚Äôs photographed Broadway for years. Now Broadway is honoring her. https://t.co/eI7sfheNWI,73
-0.7579,2018-06-09 08:09:03+00:00,0.303,0.622,nytimes,0.075,The killing in Germany comes on top of a deepening scandal and calls for a full-blown parliamentary investigation o‚Ä¶ https://t.co/0p5qfKyP2V,74
-0.6249,2018-06-09 07:42:08+00:00,0.17,0.83,nytimes,0.0,"RT @nytimesworld: More than 140 miles away and three decades after the Chernobyl disaster, some cows still make radioactive milk https://t.‚Ä¶",75
0.8097,2018-06-09 07:25:53+00:00,0.0,0.706,nytimes,0.294,RT @nytopinion: This weekend we are sharing some pieces on music. Think of it as a little inspiration to appreciate the soundtrack of your‚Ä¶,76
0.0,2018-06-09 07:09:23+00:00,0.0,1.0,nytimes,0.0,"RT @nytimesbusiness: HBO is making a pilot for one of the five ""Game of Thrones"" prequels it has in development https://t.co/EMeqQvEdHQ",77
-0.25,2018-06-09 06:52:51+00:00,0.232,0.595,nytimes,0.173,"Taliban Announce Brief Cease-Fire, Offering Afghans Hope for Lull in War https://t.co/IlMkkFHSCM",78
0.7184,2018-06-09 06:41:20+00:00,0.077,0.662,nytimes,0.261,"RT @NYTMetro: Underneath the umbrella: a fascinating photo portfolio of the lifeguards of Jones Beach, in all their stoic, bored, heroic gl‚Ä¶",79
0.0,2018-06-09 06:24:54+00:00,0.0,1.0,nytimes,0.0,"China‚Äôs ZTE‚Äî a little-known electronics maker‚Äî became an unlikely political football, then an even unlikelier objec‚Ä¶ https://t.co/APxvWFepXB",80
0.357,2018-06-09 06:06:12+00:00,0.0,0.879,nytimes,0.121,"Andrew Rannells: ""I didn't feel jealous; I felt driven. I wanted to be one of those people on the Tonys."" https://t.co/i3LX0WgQBb",81
0.5859,2018-06-09 05:50:04+00:00,0.0,0.743,nytimes,0.257,Here's who we think will win the Tonys (and who should) https://t.co/ZlqqPQRtvt,82
0.2732,2018-06-09 05:35:00+00:00,0.168,0.584,nytimes,0.248,Justice Dept. Requests Delay if DACA Injunction Is Issued https://t.co/HB7h98gENy,83
0.0,2018-06-09 05:32:30+00:00,0.0,1.0,nytimes,0.0,"RT @nytpolitics: The president said that Melania Trump ‚Äúwanted to go‚Äù with him to the Group of 7 summit meeting in Quebec, but was staying‚Ä¶",84
-0.2023,2018-06-09 05:00:08+00:00,0.163,0.708,nytimes,0.129,"50 years after his death, friends, aides and journalists recall Robert F. Kennedy's last campaign in California, hi‚Ä¶ https://t.co/bAveWEnYW5",85
-0.34,2018-06-09 04:45:03+00:00,0.107,0.893,nytimes,0.0,"In Canada, many observers were calling it the ""G-6 plus 1"" ‚Äî with President Trump being cast as the irrational, ira‚Ä¶ https://t.co/AUbzhnVmGY",86
-0.0387,2018-06-09 04:30:05+00:00,0.052,0.948,nytimes,0.0,"RT @kenvogel: MANAFORT paid KONSTANTIN KILIMNIK $531k in 2013 &amp; 2014, according to lobbying records, but that covers only a fraction of the‚Ä¶",87
-0.5574,2018-06-09 04:15:04+00:00,0.322,0.53,nytimes,0.148,What should you do when a loved one is severely depressed? Don‚Äôt underestimate the power of showing up. https://t.co/yqRyXmSWiM,88
0.1027,2018-06-09 04:06:01+00:00,0.12,0.741,nytimes,0.139,"""This should be a grave concern to anyone who cares about an informed citizenry,"" said Eileen Murphy, a spokeswoman‚Ä¶ https://t.co/iwMg5Ng7tl",89
0.2263,2018-06-09 04:01:40+00:00,0.0,0.905,nytimes,0.095,RT @NYTSports: Kevin Durant has been named the MVP of the NBA finals for the second straight year. https://t.co/xSARJQ5MlN,90
0.0,2018-06-09 03:54:22+00:00,0.0,1.0,nytimes,0.0,The U.S. just beat out China to develop the world‚Äôs fastest supercomputer. You‚Äôd need 6.3 billion years to match wh‚Ä¶ https://t.co/DMGoDUacwv,91
-0.1027,2018-06-09 03:40:03+00:00,0.065,0.935,nytimes,0.0,"RT @SopanDeb: **NEW**: In a lengthy (and remarkable) interview with Kyrie Irving, he repeatedly questioned whether the Earth is flat or rou‚Ä¶",92
0.5719,2018-06-09 03:29:11+00:00,0.0,0.837,nytimes,0.163,"Breaking News: The Golden State Warriors have won their third N.B.A. title in four years, sweeping LeBron James and‚Ä¶ https://t.co/jbvTIZsZrD",93
0.3182,2018-06-09 03:26:27+00:00,0.13,0.648,nytimes,0.223,"At a moment of tumult over trade and nuclear security, President Trump is making friends with America‚Äôs enemies and‚Ä¶ https://t.co/JtgvrhRvJ6",94
0.7906,2018-06-09 02:55:05+00:00,0.045,0.682,nytimes,0.273,"Discover an ""irony free zone where everything is beautiful and nothing hurts.""

What to watch, what to read and wha‚Ä¶ https://t.co/gMtAyyRjDD",95
0.0,2018-06-09 02:36:05+00:00,0.0,1.0,nytimes,0.0,President Trump suggested the Group of 7 nations reinstate Russia 4 years after it was cast out for annexing Crimea https://t.co/ZQQDfGp5GN,96
0.0,2018-06-09 02:24:01+00:00,0.0,1.0,nytimes,0.0,"RT @nytopinion: Anthony Bourdain exhorted us to open our eyes -- and our guts -- to the wondrous smorgasbord of life, and to savor every la‚Ä¶",97
0.296,2018-06-09 02:08:01+00:00,0.061,0.826,nytimes,0.113,"Modern Love: ""I had found a strange liberation in submitting to Dan, but it was only a first step. I wanted the dom‚Ä¶ https://t.co/WHIRIHGpqQ",98
0.0,2018-06-09 01:56:23+00:00,0.0,1.0,nytimes,0.0,"During this season‚Äôs playoffs, LeBron James has accounted for nearly a third of the box-score statistics for the Ca‚Ä¶ https://t.co/bugUyF7TK4",99
0.0,2018-06-09 01:53:49+00:00,0.098,0.804,nytimes,0.098,No one in the NBA has come close to LeBron James's share of a team‚Äôs production for over 40 years https://t.co/YqE8zZiiWg,100
0.4939,2018-06-10 00:48:12+00:00,0.0,0.833,FoxNews,0.167,".@RepMattGaetz: ""This is Donald Trump's America. It's the Trump economy, it's roaring. People are confident, busine‚Ä¶ https://t.co/wZMGzvhYgi",1
0.6369,2018-06-10 00:46:12+00:00,0.0,0.741,FoxNews,0.259,".@RepMattGaetz: ""As Republicans, we love when @NancyPelosi talks about the economy."" @WattersWorld https://t.co/cCIxsAm8NV",2
0.0,2018-06-10 00:41:22+00:00,0.0,1.0,FoxNews,0.0,".@KellyannePolls: ""It's through the president's leadership and stewardship that @SecPompeo has been over to North K‚Ä¶ https://t.co/CqUyx8gzuR",3
0.0,2018-06-10 00:34:42+00:00,0.0,1.0,FoxNews,0.0,".@KellyannePolls: ""[President @realDonaldTrump is] very open to differing opinions and viewpoints. He's a master ne‚Ä¶ https://t.co/z7mDmPDjMi",4
0.7964,2018-06-10 00:30:54+00:00,0.0,0.693,FoxNews,0.307,Jockey Mike Smith celebrates atop of Justify after winning the coveted Triple Crown at the Belmont Stakes.‚Ä¶ https://t.co/lUG6e16WfK,5
-0.1531,2018-06-10 00:30:00+00:00,0.103,0.897,FoxNews,0.0,SUNDAY: Don‚Äôt miss @FoxNewsSunday from Singapore ahead of President @realDonaldTrump‚Äôs historic meeting with North‚Ä¶ https://t.co/cF2Y1xLD4Y,6
-0.2263,2018-06-10 00:20:34+00:00,0.095,0.905,FoxNews,0.0,".@jasonsehorn on national anthem protests: ""Their actual message of what they're trying to get across is being lost‚Ä¶ https://t.co/KO4yaWJG4Y",7
-0.3818,2018-06-10 00:12:34+00:00,0.14,0.86,FoxNews,0.0,"Former @NFL player @JackBrewerBSI: ""We're all Americans. We're in the same family. Families fight, families quarrel‚Ä¶ https://t.co/hswCr90kiS",8
0.7845,2018-06-10 00:05:47+00:00,0.0,0.653,FoxNews,0.347,OPINION: Justify‚Äôs Triple Crown win brings us together to admire an uncommonly gifted horse https://t.co/4nIf9mv4Wz,9
-0.296,2018-06-10 00:00:24+00:00,0.145,0.855,FoxNews,0.0,"Earlier, President @realDonaldTrump accused Canadian Prime Minister @JustinTrudeau of making ""false statements"" at‚Ä¶ https://t.co/oUPeNM1BJv",10
0.3612,2018-06-09 23:54:29+00:00,0.0,0.815,FoxNews,0.185,.@VP reassures family of Otto Warmbier ahead of North Korea summit https://t.co/t0jwuWxjHx,11
-0.5413,2018-06-09 23:32:44+00:00,0.163,0.837,FoxNews,0.0,.@replouiegohmert: ‚ÄúRobert Mueller has done more damage during his 12 years as FBI director than‚Ä¶ probably all the‚Ä¶ https://t.co/u1rce2rGvi,12
0.2263,2018-06-09 23:03:37+00:00,0.0,0.909,FoxNews,0.091,"Nile Gardiner: ""You have protectionist tariffs on both sides of the Atlantic, from the United States but also from‚Ä¶ https://t.co/5TM7aYOQhS",13
0.5719,2018-06-09 22:56:42+00:00,0.0,0.764,FoxNews,0.236,"BREAKING: Justify wins the Belmont Stakes, earning the coveted Triple Crown https://t.co/EEHEgMVywm https://t.co/vjiT9IgcDg",14
-0.4019,2018-06-09 22:52:49+00:00,0.144,0.856,FoxNews,0.0,"Nile Gardiner on tariff tensions: ""You have all the makings right now for a trade war."" https://t.co/iAdue9Nmav https://t.co/l3NIirukYK",15
0.4019,2018-06-09 22:48:34+00:00,0.0,0.769,FoxNews,0.231,Taliban announce cease-fire over Eid holiday for 1st time https://t.co/LCHkJcQMW3,16
0.7003,2018-06-09 22:38:46+00:00,0.0,0.766,FoxNews,0.234,".@VP on Otto Warmbier: ""Today I assured his dad as [@POTUS] said two days ago, their beloved son Otto Warmbier will‚Ä¶ https://t.co/ZWPmRWK0Fj",17
0.8238,2018-06-09 22:37:22+00:00,0.0,0.688,FoxNews,0.312,".@VP on North Korea summit: ""So America, let's pray for [@POTUS] and let's pray for peace for the Korean people and‚Ä¶ https://t.co/ODJl1K4kfh",18
0.2755,2018-06-09 22:35:24+00:00,0.0,0.869,FoxNews,0.131,".@VP on North Korea summit: ""We will not repeat the mistakes of the past."" https://t.co/vkdzKjHLD1",19
0.7096,2018-06-09 22:33:28+00:00,0.0,0.753,FoxNews,0.247,".@VP: ""As President @realDonaldTrump embarks on this historic quest for peace, I can assure you that he also goes w‚Ä¶ https://t.co/0kzlNxMy53",20
-0.5859,2018-06-09 22:31:23+00:00,0.278,0.609,FoxNews,0.113,".@VP on Singapore summit: ""After years of failed policies and broken promises last year, President @realDonaldTrump‚Ä¶ https://t.co/M1kPHystbo",21
0.0,2018-06-09 22:31:09+00:00,0.0,1.0,FoxNews,0.0,".@VP on North Korea summit: ""Our president is going into this summit with his eyes wide open."" https://t.co/wOy8M4d88p",22
0.3182,2018-06-09 22:29:49+00:00,0.0,0.881,FoxNews,0.119,".@VP on North Korea summit: ""The truth is, [@realDonaldTrump] has been preparing for this his whole life."" https://t.co/xe4EOjiKsK",23
0.0,2018-06-09 22:25:05+00:00,0.0,1.0,FoxNews,0.0,".@VP: ""[@POTUS] spent the last two days at the G7 summit in Canada putting America first."" https://t.co/tWO4i7PqEx",24
0.6597,2018-06-09 22:22:26+00:00,0.0,0.738,FoxNews,0.262,".@VP: ""I want to begin tonight by bringing greetings from a leader who's been delivering every day on his promise t‚Ä¶ https://t.co/czUfsg6Edj",25
0.7906,2018-06-09 22:15:04+00:00,0.0,0.72,FoxNews,0.28,".@VP Mike Pence delivers keynote remarks at the close of the 2018 Faith &amp; Freedom Coalition ""Road to Majority."" https://t.co/JWcCBVCjx1",26
0.5919,2018-06-09 22:12:00+00:00,0.0,0.797,FoxNews,0.203,"TOMORROW: Don't miss a brand new ""Life, Liberty, &amp; Levin"" with @marklevinshow - Tune in at 10p ET on Fox News Chann‚Ä¶ https://t.co/JloyPLb79c",27
0.0,2018-06-09 22:09:43+00:00,0.0,1.0,FoxNews,0.0,"SeaWorld getting rid of plastic straws, plastic bags at all US parks https://t.co/o5sCVFney1",28
0.0,2018-06-09 22:05:43+00:00,0.0,1.0,FoxNews,0.0,".@RCamposDuffy: ""Republicans and especially Republican women and Republican or conservative minorities have always‚Ä¶ https://t.co/D6p9iIR1QB",29
0.0,2018-06-09 21:59:10+00:00,0.0,1.0,FoxNews,0.0,"Lou Holtz on @Eagles controversy: ""The locker room belongs to the players of the @NFL. They can say anything they w‚Ä¶ https://t.co/n3NNBJA2O7",30
0.7351,2018-06-09 21:48:00+00:00,0.0,0.763,FoxNews,0.237,".@POTUS: ""The power to pardon is a beautiful thing. You got to get it right, you got to get the right people.""‚Ä¶ https://t.co/kJoxSdfmxm",31
0.0,2018-06-09 21:41:00+00:00,0.0,1.0,FoxNews,0.0,OPINION: There's just one way to marry the right person (and anyone can do it) https://t.co/yqcYBoKZ8w,32
0.0,2018-06-09 21:39:41+00:00,0.0,1.0,FoxNews,0.0,".@Mark_Penn on the Mueller probe: ""I think our Constitution is being stepped on."" https://t.co/WU779vQZHl",33
0.128,2018-06-09 21:35:06+00:00,0.0,0.909,FoxNews,0.091,"Belmont Stakes' Triple Crown contender, start time, odds and everything else about the horse race https://t.co/6SDuqSRpPJ",34
-0.6115,2018-06-09 21:32:10+00:00,0.222,0.778,FoxNews,0.0,".@POTUS: ""The U.S. press is very dishonest, much of it, not all of it."" https://t.co/wRY77Xrqxz",35
0.0,2018-06-09 21:28:31+00:00,0.0,1.0,FoxNews,0.0,U.S. Markets - So far this year. https://t.co/dXBWkXeAc2,36
-0.7088,2018-06-09 21:17:59+00:00,0.269,0.731,FoxNews,0.0,.@SteveHiltonx: Trump‚Äôs criticism of G-7 is ‚Äòunprecedented‚Äô scream the elite -- That‚Äôs the whole point of Trump! https://t.co/ZwoJG4yXGb,37
0.0,2018-06-09 21:11:20+00:00,0.0,1.0,FoxNews,0.0,President @realDonaldTrump is on his way to Singapore for a historic meeting with North Korean leader Kim Jong Un.‚Ä¶ https://t.co/f5vz9YYXXE,38
-0.4767,2018-06-09 21:03:40+00:00,0.256,0.744,FoxNews,0.0,"Florida woman's body found after gator attack, officials say https://t.co/5zyQqG9a32",39
0.0772,2018-06-09 20:58:00+00:00,0.0,0.933,FoxNews,0.067,".@kayleighmcenany: ""Where are the feminists, also, I want to ask - where are the Elizabeth Warrens, where are the H‚Ä¶ https://t.co/6cSwtVG0OG",40
0.3818,2018-06-09 20:53:00+00:00,0.0,0.729,FoxNews,0.271,"President @realDonaldTrump promises ""America First"" throughout 2016. https://t.co/loUFH6m9i3",41
0.0,2018-06-09 20:49:26+00:00,0.0,1.0,FoxNews,0.0,German Chancellor Angela Merkel speaks with President @realDonaldTrump during proceedings on the sidelines of the o‚Ä¶ https://t.co/3ObHBAyhun,42
0.4939,2018-06-09 20:47:39+00:00,0.0,0.775,FoxNews,0.225,"Moments ago, President @realDonaldTrump praised the prime minister of Italy, @GiuseppeConteIT. https://t.co/xR842BvOcu",43
0.0,2018-06-09 20:43:46+00:00,0.0,1.0,FoxNews,0.0,".@conservmillen on G7 summit: ""Our GDP is bigger than all of theirs combined and they do need us more than we need‚Ä¶ https://t.co/6zOc7YyliG",44
0.891,2018-06-09 20:42:54+00:00,0.0,0.602,FoxNews,0.398,".@kayleighmcenany: ""@FLOTUS has the trust and the love of the American people - she has a 57% approval rating. Mean‚Ä¶ https://t.co/hoWeWMNEQX",45
0.3612,2018-06-09 20:35:30+00:00,0.0,0.839,FoxNews,0.161,Trump says US is like a 'piggy bank that everybody is robbing' on trade https://t.co/PK8qw7lxvW,46
0.0,2018-06-09 20:34:17+00:00,0.0,1.0,FoxNews,0.0,RT @EricShawnTV: I anchor @FoxNews starting at 5 pm EDT with @ArthelNeville: What @POTUS @realDonaldTrump should say to Kim Jong-un. @MIT's‚Ä¶,47
-0.6486,2018-06-09 20:12:00+00:00,0.35,0.65,FoxNews,0.0,Eunice Gayson first-ever Bond Girl dead at 90 https://t.co/BzfcRHNxu8,48
0.0,2018-06-09 20:07:00+00:00,0.0,1.0,FoxNews,0.0,"At his press briefing today, President @realDonaldTrump slammed his presidential predecessor for ""allow[ing] Russia‚Ä¶ https://t.co/BpMwYh65k5",49
0.0,2018-06-09 20:01:00+00:00,0.0,1.0,FoxNews,0.0,OPINION: Newest Mars discovery tells us something miraculous about Earth https://t.co/mcATE1PRIl,50
-0.2584,2018-06-09 19:55:00+00:00,0.113,0.887,FoxNews,0.0,.@realDonaldTrump doubles down on calls to include Russia in G-7: 'We're not looking to play games' https://t.co/nob4MbUZWM,51
0.0,2018-06-09 19:49:00+00:00,0.247,0.562,FoxNews,0.191,.@seanhannity Praises Trump's Tough NoKo Action After 'Weak and Feckless' Obama Leadership   https://t.co/Q2Uj18acfS,52
-0.4939,2018-06-09 19:42:46+00:00,0.186,0.814,FoxNews,0.0,Veteran claims his stolen Facebook photos were used to catfish 30 women during deployment https://t.co/YAuENcd5SL,53
0.6249,2018-06-09 19:37:46+00:00,0.073,0.688,FoxNews,0.239,".@marykissel: ""A success in Singapore would be to get the [Kim] regime to commit to complete, irreversible and veri‚Ä¶ https://t.co/R3KDjQXhmU",54
-0.1531,2018-06-09 19:29:00+00:00,0.103,0.897,FoxNews,0.0,SUNDAY: Don‚Äôt miss @FoxNewsSunday from Singapore ahead of President @realDonaldTrump‚Äôs historic meeting with North‚Ä¶ https://t.co/tyhBYdJ4jm,55
0.3182,2018-06-09 19:21:16+00:00,0.0,0.905,FoxNews,0.095,"David Rivkin on @POTUS' power to self pardon: ""To say the president is above the law begs the question of what the‚Ä¶ https://t.co/mgJPUNXWcz",56
0.1655,2018-06-09 19:16:27+00:00,0.0,0.93,FoxNews,0.07,".@POTUS: ""I do have an absolute right to pardon myself, but I'll never have to do it because I didn't do anything w‚Ä¶ https://t.co/bOUqiZ0R50",57
0.3612,2018-06-09 19:10:00+00:00,0.0,0.737,FoxNews,0.263,Holocaust survivor who consoled Anne Frank dies https://t.co/mw0VdtPNgI,58
-0.6249,2018-06-09 19:02:20+00:00,0.255,0.745,FoxNews,0.0,".@SeanHannity: ""President @BarackObama left Trump with unfettered international disaster after disaster."" #Hannity https://t.co/0lJuEwysLF",59
-0.4215,2018-06-09 18:56:32+00:00,0.322,0.495,FoxNews,0.183,Republicans may have won the optics war on Congress' summer recess fight https://t.co/b1wIL2Onb0,60
-0.4767,2018-06-09 18:46:34+00:00,0.162,0.838,FoxNews,0.0,"President @realDonaldTrump: ""Who are you with out of curiosity?""

Reporter: ""CNN.""

@POTUS: ""I figured - Fake News‚Ä¶ https://t.co/yXZpAqd07M",61
-0.1531,2018-06-09 18:39:20+00:00,0.103,0.897,FoxNews,0.0,"'Jersey Shore' star Mike 'The Situation' Sorrentino will face tax evasion sentencing this fall
https://t.co/Hnfrd4ZLLb",62
-0.296,2018-06-09 18:36:00+00:00,0.104,0.896,FoxNews,0.0,"At his press briefing, President @realDonaldTrump said that the U.S. would no longer be a piggy bank robbed by othe‚Ä¶ https://t.co/WAwm8Fld4P",63
0.3612,2018-06-09 18:34:04+00:00,0.0,0.848,FoxNews,0.152,Trump says US is like a 'piggy bank that everybody is robbing' on trade https://t.co/iAdue9Nmav https://t.co/ew7uxi8JFW,64
-0.7906,2018-06-09 18:27:42+00:00,0.438,0.562,FoxNews,0.0,Texas border patrol agents find 6 illegal immigrants trapped inside cabinets https://t.co/r5ANi7t94m,65
0.0,2018-06-09 18:20:08+00:00,0.0,1.0,FoxNews,0.0,SUNDAY: @BretBaier is live in Singapore ahead of President @realDonaldTrump‚Äôs historic summit with North Korean lea‚Ä¶ https://t.co/Z9gEu1Zqo2,66
0.1027,2018-06-09 18:19:00+00:00,0.096,0.789,FoxNews,0.114,".@RepMcSally: ""@POTUS has made it clear that we will not tolerate them having a nuclear weapon that can hold a U.S.‚Ä¶ https://t.co/Z9kwm68cBa",67
-0.5302,2018-06-09 18:16:48+00:00,0.181,0.819,FoxNews,0.0,".@GrecianFormula on NK summit: ""My fear here is, I do not want [@POTUS] to give Kim Jong Un that handshake that wil‚Ä¶ https://t.co/2BcF4gR3s9",68
0.5859,2018-06-09 18:14:09+00:00,0.0,0.648,FoxNews,0.352,.@MittRomney predicts a @realDonaldTrump win in 2020. https://t.co/FtXsikIvlB https://t.co/W2EHQ9eAw5,69
-0.6249,2018-06-09 18:03:13+00:00,0.362,0.638,FoxNews,0.0,"Florida Revokes Hundreds of Gun Permits After Background Check Error
https://t.co/4RteHthrjk",70
0.4939,2018-06-09 17:58:00+00:00,0.0,0.814,FoxNews,0.186,"On @foxandfriends, @RCamposDuffy praised @FLOTUS Melania Trump in the wake of constant media scrutiny.‚Ä¶ https://t.co/t4wxgWO0Qz",71
0.3612,2018-06-09 17:55:11+00:00,0.0,0.884,FoxNews,0.116,".@kimguilfoyle on NK summit: ""With somebody like @POTUS who thinks out of the box...everything is on the table [unt‚Ä¶ https://t.co/uFk6mAOEmC",72
0.4767,2018-06-09 17:46:52+00:00,0.0,0.819,FoxNews,0.181,"Mike Kerrigan: I thought I had enough friends, then a stranger did this on my flight home https://t.co/xZNBnn26ZS",73
0.0,2018-06-09 17:36:01+00:00,0.0,1.0,FoxNews,0.0,.@replouiegohmert Slams Russia Probe Spending: Mueller Has 'Absolutely Blown Taxpayer Dollars' https://t.co/Xe5BeKp6Cd,74
0.4404,2018-06-09 17:30:45+00:00,0.118,0.667,FoxNews,0.215,Love and leaks: Wolfe-Watkins latest couple to draw scrutiny for loose lips and tips https://t.co/E3h48prv3z,75
0.0,2018-06-09 17:26:00+00:00,0.0,1.0,FoxNews,0.0,Fox News Poll: Will North Korea give up nukes? https://t.co/3x4UVwUihL,76
-0.4404,2018-06-09 17:25:26+00:00,0.42,0.58,FoxNews,0.0,Border arrests spike. https://t.co/bxJVEDbIZi https://t.co/cGj9ea65Ui,77
0.0,2018-06-09 17:21:21+00:00,0.0,1.0,FoxNews,0.0,".@TheRealJohnHCox: ""@GavinNewsom is Exhibit A in craven politicians."" https://t.co/b6mIxZLEPQ",78
0.0,2018-06-09 17:15:07+00:00,0.0,1.0,FoxNews,0.0,Fox News Poll: Should @POTUS meet with North Korean leader Kim Jong Un? https://t.co/9QBv5OO5bg,79
0.0,2018-06-09 17:06:05+00:00,0.0,1.0,FoxNews,0.0,".@RCamposDuffy: ""Republicans and especially Republican women and Republican or conservative minorities have always‚Ä¶ https://t.co/TcO81nMnJ7",80
-0.4588,2018-06-09 17:04:03+00:00,0.2,0.8,FoxNews,0.0,Home Depot employee in Florida allegedly attacked by shopper's pet spider monkey https://t.co/gvqJD9UaOB,81
0.1779,2018-06-09 17:01:29+00:00,0.135,0.677,FoxNews,0.188,"ABC apologizes for controversial ‚ÄòQuantico‚Äô episode, defends star Priyanka Chopra https://t.co/4sh2B6JvhK",82
-0.5413,2018-06-09 16:55:48+00:00,0.163,0.837,FoxNews,0.0,".@replouiegohmert: ""Robert Mueller has done more damage during his 12 years as FBI Director than... probably all th‚Ä¶ https://t.co/eZePn5ltKz",83
0.0,2018-06-09 16:55:00+00:00,0.0,1.0,FoxNews,0.0,".@RealDeanCain: ""I stand for the anthem. I would never kneel for the anthem."" https://t.co/XIXO0UeJmR",84
0.3612,2018-06-09 16:49:31+00:00,0.0,0.667,FoxNews,0.333,Do you agree with @SenSanders? https://t.co/jixhab3nlt,85
-0.1531,2018-06-09 16:39:04+00:00,0.082,0.918,FoxNews,0.0,"MONDAY: Don‚Äôt miss three hours of ‚ÄòAmerica‚Äôs Newsroom‚Äô with @BillHemmer and @SandraSmithFox, starting at 9a ET on F‚Ä¶ https://t.co/A0OfAH4QPo",86
-0.8555,2018-06-09 16:34:08+00:00,0.54,0.46,FoxNews,0.0,"1,000 illegal immigrants bused to California federal prison for detention https://t.co/B3t12CUk1m",87
-0.4019,2018-06-09 16:30:20+00:00,0.184,0.816,FoxNews,0.0,"'Bring on the Recession': @billmaher 'Hoping' for Economic Crash to Oust Trump
https://t.co/fj8Q3obYkM",88
0.0,2018-06-09 16:21:00+00:00,0.0,1.0,FoxNews,0.0,Fox News Poll: 52% approve of President @realDonaldTrump's handling of the economy. https://t.co/qZrQ8Q503M https://t.co/mYX34Kjnhb,89
-0.5106,2018-06-09 16:16:30+00:00,0.231,0.769,FoxNews,0.0,"TSA searches 96-year-old woman in wheelchair in viral video, sparking outrage https://t.co/DP91w0qI1n",90
0.4767,2018-06-09 16:05:09+00:00,0.0,0.823,FoxNews,0.177,".@Lavarbigballer: ""If [@POTUS] invited me to his house, I would be like, 'Nah, man.' I'm not even going to invite h‚Ä¶ https://t.co/BM4it6Nf6i",91
0.0,2018-06-09 16:02:00+00:00,0.0,1.0,FoxNews,0.0,.@billclinton defends @alfranken. https://t.co/L3DVQREUWO,92
-0.6705,2018-06-09 15:57:51+00:00,0.243,0.757,FoxNews,0.0,Virginia wildlife center takes in 2 black bear cubs after mother is killed by homeowner https://t.co/HxTW1LfisF,93
0.0,2018-06-09 15:56:56+00:00,0.0,1.0,FoxNews,0.0,"Reporter: ""Do you think Crimea should be recognized as Russia at this point?""

.@POTUS: ""You'd have to ask Presiden‚Ä¶ https://t.co/F8G13HW2im",94
0.0,2018-06-09 15:54:17+00:00,0.0,1.0,FoxNews,0.0,Happening Now: @POTUS heads to Singapore for historic summit with North Korean leader Kim Jong Un. https://t.co/9pkRpmQhvs,95
0.0,2018-06-09 15:53:08+00:00,0.0,1.0,FoxNews,0.0,.@realDonaldTrump and Kim Jong Un impersonators arrive in Singapore. https://t.co/cQbfqorKAn,96
0.0,2018-06-09 15:48:40+00:00,0.0,1.0,FoxNews,0.0,SOON: @POTUS leaves Canada en route to North Korea summit in Singapore. https://t.co/2SKhjAnI5Q,97
0.0,2018-06-09 15:22:55+00:00,0.0,1.0,FoxNews,0.0,U.S. Markets - So far this year. https://t.co/mdnZRFcvfH,98
0.0,2018-06-09 15:15:56+00:00,0.0,1.0,FoxNews,0.0,"President @realDonaldTrump to CNN reporter: ""I would say that the level of relationship is a 10... You can tell tha‚Ä¶ https://t.co/5CwLITcrnU",99
0.3612,2018-06-09 15:15:00+00:00,0.0,0.884,FoxNews,0.116,".@POTUS: ""Tariffs are going to come way down... We're like the piggy bank that everybody's robbing - and that ends."" https://t.co/1K8iuxEXhn",100
